"Status","Start Time","Stop Time","Duration in ms","Parent Suite","Suite","Sub Suite","Test Class","Test Method","Name","Description"
"passed","Tue Aug 15 11:28:56 GMT 2023","Tue Aug 15 11:29:00 GMT 2023","4018","Parallel Test Suite","Static pages tests","tests.footer.WhoWeAreTest","tests.footer.WhoWeAreTest","testLinksColorsWhoWeArePage","testLinksColorsWhoWeArePage",""
"broken","Tue Aug 15 11:57:17 GMT 2023","Tue Aug 15 11:57:40 GMT 2023","23670","Parallel Test Suite","Search pages test","tests.header.WebPageTest","tests.header.WebPageTest","testRelatedSearchCriteria_WebPage","testRelatedSearchCriteria_WebPage",""
"failed","Tue Aug 15 11:30:26 GMT 2023","Tue Aug 15 11:30:33 GMT 2023","7625","Parallel Test Suite","Static pages tests","tests.footer.FooterMenuTest","tests.footer.FooterMenuTest","testTwitterIconNavigatesToTwitterWeb","testTwitterIconNavigatesToTwitterWeb",""
"passed","Tue Aug 15 11:30:34 GMT 2023","Tue Aug 15 11:30:46 GMT 2023","11378","Parallel Test Suite","Static pages tests","tests.footer.OurDatacenterTest","tests.footer.OurDatacenterTest","testHTML5VideoPlayerUsingGermanyLocalization_Datacenter","testHTML5VideoPlayerUsingGermanyLocalization_Datacenter",""
"passed","Tue Aug 15 11:31:32 GMT 2023","Tue Aug 15 11:31:38 GMT 2023","5707","Parallel Test Suite","Static pages tests","tests.header.VpnInstructionsTest","tests.header.VpnInstructionsTest","testTextsFontSizesVpnInstructionsPage","testTextsFontSizesVpnInstructionsPage",""
"passed","Tue Aug 15 11:33:22 GMT 2023","Tue Aug 15 11:33:26 GMT 2023","4197","Parallel Test Suite","Static pages tests","tests.header.EmailTest","tests.header.EmailTest","testTextsFontSizesEmailPage","testTextsFontSizesEmailPage",""
"broken","Tue Aug 15 11:59:34 GMT 2023","Tue Aug 15 12:00:00 GMT 2023","25428","Parallel Test Suite","Search pages test","tests.header.MusicTest","tests.header.MusicTest","testDeleteTrackFromFavorite","testDeleteTrackFromFavorite",""
"broken","Tue Aug 15 11:25:23 GMT 2023","Tue Aug 15 11:25:46 GMT 2023","23172","Parallel Test Suite","Static pages tests","tests.header.TopMenuTest","tests.header.TopMenuTest","testCharityQueryCounterSearchAndGoBack_MainPage","testCharityQueryCounterSearchAndGoBack_MainPage",""
"passed","Tue Aug 15 11:33:02 GMT 2023","Tue Aug 15 11:33:07 GMT 2023","4507","Parallel Test Suite","Static pages tests","tests.footer.MakeDefaultSearchTest","tests.footer.MakeDefaultSearchTest","testAllButtonColorsWhenHover_makeDefaultSearchPage","testAllButtonColorsWhenHover_makeDefaultSearchPage",""
"passed","Tue Aug 15 11:33:42 GMT 2023","Tue Aug 15 11:33:49 GMT 2023","6577","Parallel Test Suite","Static pages tests","tests.footer.MakeDefaultSearchTest","tests.footer.MakeDefaultSearchTest","testLocalizationGoToCorrespondingLanguage","testLocalizationGoToCorrespondingLanguage",""
"passed","Tue Aug 15 11:30:59 GMT 2023","Tue Aug 15 11:31:04 GMT 2023","4881","Parallel Test Suite","Static pages tests","tests.header.VpnPageTest","tests.header.VpnPageTest","testAllButtonColorsWhenHover_VpnPage","testAllButtonColorsWhenHover_VpnPage",""
"passed","Tue Aug 15 11:29:37 GMT 2023","Tue Aug 15 11:29:42 GMT 2023","4335","Parallel Test Suite","Static pages tests","tests.header.TopMenuTest","tests.header.TopMenuTest","testLocalizationNavigateToCorrespondingPages","testLocalizationNavigateToCorrespondingPages",""
"skipped","Tue Aug 15 11:41:30 GMT 2023","Tue Aug 15 11:41:30 GMT 2023","0","Parallel Test Suite","Search pages test","tests.header.ImageTest","tests.header.ImageTest","testChangeLanguageInFavorite_ImagePage","testChangeLanguageInFavorite_ImagePage",""
"broken","Tue Aug 15 11:41:54 GMT 2023","Tue Aug 15 11:42:17 GMT 2023","22744","Parallel Test Suite","Search pages test","tests.header.WebPageTest","tests.header.WebPageTest","testCloseWebPreview_WebPage","testCloseWebPreview_WebPage",""
"passed","Tue Aug 15 11:25:06 GMT 2023","Tue Aug 15 11:25:09 GMT 2023","3092","Parallel Test Suite","Static pages tests","tests.MainTest","tests.MainTest","testAdaptiveHomePageHasLogo","testAdaptiveHomePageHasLogo",""
"passed","Tue Aug 15 11:28:12 GMT 2023","Tue Aug 15 11:28:16 GMT 2023","3686","Parallel Test Suite","Static pages tests","tests.footer.FooterMenuTest","tests.footer.FooterMenuTest","testExternalMenuLinksNavigateToCorrespondingPages","testExternalMenuLinksNavigateToCorrespondingPages",""
"broken","Tue Aug 15 11:39:20 GMT 2023","Tue Aug 15 11:39:44 GMT 2023","23759","Parallel Test Suite","Search pages test","tests.header.ImageTest","tests.header.ImageTest","testSuggestEqualsSearchCriteria_ImageSearch","testSuggestEqualsSearchCriteria_ImageSearch",""
"broken","Tue Aug 15 11:49:39 GMT 2023","Tue Aug 15 11:50:03 GMT 2023","23683","Parallel Test Suite","Search pages test","tests.header.MusicTest","tests.header.MusicTest","testScrollToNextPage","testScrollToNextPage",""
"passed","Tue Aug 15 11:31:26 GMT 2023","Tue Aug 15 11:31:29 GMT 2023","3747","Parallel Test Suite","Static pages tests","tests.header.TopMenuTest","tests.header.TopMenuTest","testRegionNavigateToCorrespondingPages","testRegionNavigateToCorrespondingPages",""
"passed","Tue Aug 15 11:31:30 GMT 2023","Tue Aug 15 11:31:34 GMT 2023","3948","Parallel Test Suite","Static pages tests","tests.header.TopMenuTest","tests.header.TopMenuTest","testRegionNavigateToCorrespondingPages","testRegionNavigateToCorrespondingPages",""
"passed","Tue Aug 15 11:30:05 GMT 2023","Tue Aug 15 11:30:08 GMT 2023","3450","Parallel Test Suite","Static pages tests","tests.footer.FooterMenuTest","tests.footer.FooterMenuTest","testOurProductsText","testOurProductsText",""
"broken","Tue Aug 15 11:36:09 GMT 2023","Tue Aug 15 11:36:32 GMT 2023","23407","Parallel Test Suite","Search pages test","tests.header.NewsTest","tests.header.NewsTest","testImageProxy_NewsPage","testImageProxy_NewsPage",""
"passed","Tue Aug 15 11:32:35 GMT 2023","Tue Aug 15 11:32:38 GMT 2023","3807","Parallel Test Suite","Static pages tests","tests.footer.SetAsStartTest","tests.footer.SetAsStartTest","testH2FontSizesSetAsStartPage","testH2FontSizesSetAsStartPage",""
"passed","Tue Aug 15 11:32:06 GMT 2023","Tue Aug 15 11:32:12 GMT 2023","6289","Parallel Test Suite","Static pages tests","tests.header.EmailTest","tests.header.EmailTest","testInstallWebLinkNavigateToCorrespondingPage","testInstallWebLinkNavigateToCorrespondingPage",""
"passed","Tue Aug 15 11:31:56 GMT 2023","Tue Aug 15 11:32:01 GMT 2023","4962","Parallel Test Suite","Static pages tests","tests.header.EmailTest","tests.header.EmailTest","testEmailLogoNavigatesToBaseURL","testEmailLogoNavigatesToBaseURL",""
"skipped","Tue Aug 15 11:41:30 GMT 2023","Tue Aug 15 11:41:30 GMT 2023","1","Parallel Test Suite","Search pages test","tests.header.ImageTest","tests.header.ImageTest","testDeletedSeveralImagesFromFavorite_ImagePage","testDeletedSeveralImagesFromFavorite_ImagePage",""
"passed","Tue Aug 15 11:28:27 GMT 2023","Tue Aug 15 11:28:30 GMT 2023","3581","Parallel Test Suite","Static pages tests","tests.footer.FooterMenuTest","tests.footer.FooterMenuTest","testFacebookIconNavigatesToFacebookWeb","testFacebookIconNavigatesToFacebookWeb",""
"passed","Tue Aug 15 11:29:01 GMT 2023","Tue Aug 15 11:29:06 GMT 2023","5057","Parallel Test Suite","Static pages tests","tests.footer.WhoWeAreTest","tests.footer.WhoWeAreTest","testWhoWeAreLinksNavigateToCorrespondingPages","testWhoWeAreLinksNavigateToCorrespondingPages",""
"broken","Tue Aug 15 11:58:05 GMT 2023","Tue Aug 15 11:58:19 GMT 2023","14101","Parallel Test Suite","Search pages test","tests.header.WebPageTest","tests.header.WebPageTest","testSelectAnyNumberInPaging_WebPage","testSelectAnyNumberInPaging_WebPage",""
"broken","Tue Aug 15 11:44:50 GMT 2023","Tue Aug 15 11:45:13 GMT 2023","23403","Parallel Test Suite","Search pages test","tests.header.MusicTest","tests.header.MusicTest","testLocalization_MusicPage","testLocalization_MusicPage",""
"passed","Tue Aug 15 11:31:44 GMT 2023","Tue Aug 15 11:31:50 GMT 2023","5976","Parallel Test Suite","Static pages tests","tests.header.VpnInstructionsTest","tests.header.VpnInstructionsTest","testVpnLogoNavigatesToBaseURL","testVpnLogoNavigatesToBaseURL",""
"broken","Tue Aug 15 11:55:42 GMT 2023","Tue Aug 15 11:56:05 GMT 2023","23295","Parallel Test Suite","Search pages test","tests.header.MusicTest","tests.header.MusicTest","testSwitchToPreviousTrack","testSwitchToPreviousTrack",""
"broken","Tue Aug 15 11:41:02 GMT 2023","Tue Aug 15 11:41:25 GMT 2023","22858","Parallel Test Suite","Search pages test","tests.header.VideoTest","tests.header.VideoTest","testRegionalSearch_VideoPage","testRegionalSearch_VideoPage",""
"broken","Tue Aug 15 11:31:58 GMT 2023","Tue Aug 15 11:32:21 GMT 2023","23365","Parallel Test Suite","Static pages tests","tests.header.TopMenuTest","tests.header.TopMenuTest","testTeleGuardIconNavigatesToTeleGuardPage_SearchPage","testTeleGuardIconNavigatesToTeleGuardPage_SearchPage",""
"passed","Tue Aug 15 11:32:44 GMT 2023","Tue Aug 15 11:32:50 GMT 2023","5736","Parallel Test Suite","Static pages tests","tests.header.EmailTest","tests.header.EmailTest","testLinksOfPriceContainersNavigateToCorrespondingPages_EmailPage","testLinksOfPriceContainersNavigateToCorrespondingPages_EmailPage",""
"broken","Tue Aug 15 11:40:38 GMT 2023","Tue Aug 15 11:41:01 GMT 2023","23279","Parallel Test Suite","Search pages test","tests.header.VideoTest","tests.header.VideoTest","testPlayVideo_VideoPage","testPlayVideo_VideoPage",""
"passed","Tue Aug 15 11:33:58 GMT 2023","Tue Aug 15 11:34:04 GMT 2023","5586","Parallel Test Suite","Static pages tests","tests.footer.DonationTest","tests.footer.DonationTest","testH1TextsDonationPage","testH1TextsDonationPage",""
"passed","Tue Aug 15 11:25:14 GMT 2023","Tue Aug 15 11:25:19 GMT 2023","4870","Parallel Test Suite","Static pages tests","tests.header.TopMenuTest","tests.header.TopMenuTest","testCharityQueryCounterAfterReloadPage_MainPage","testCharityQueryCounterAfterReloadPage_MainPage",""
"passed","Tue Aug 15 11:27:06 GMT 2023","Tue Aug 15 11:27:10 GMT 2023","3660","Parallel Test Suite","Static pages tests","tests.header.TopMenuTest","tests.header.TopMenuTest","testEachHamburgerMenuLinksNavigatesToCorrespondingPage","testEachHamburgerMenuLinksNavigatesToCorrespondingPage",""
"passed","Tue Aug 15 11:31:42 GMT 2023","Tue Aug 15 11:31:48 GMT 2023","6037","Parallel Test Suite","Static pages tests","tests.header.VpnPageTest","tests.header.VpnPageTest","testVpnLinksNavigateToCorrespondingPages","testVpnLinksNavigateToCorrespondingPages",""
"passed","Tue Aug 15 11:30:46 GMT 2023","Tue Aug 15 11:30:54 GMT 2023","7526","Parallel Test Suite","Static pages tests","tests.footer.OurDatacenterTest","tests.footer.OurDatacenterTest","testHTML5VideoPlayer_Datacenter","testHTML5VideoPlayer_Datacenter",""
"passed","Tue Aug 15 11:33:49 GMT 2023","Tue Aug 15 11:33:53 GMT 2023","3963","Parallel Test Suite","Static pages tests","tests.footer.ImprintTest","tests.footer.ImprintTest","testImageSwisscowsIsDysplaed","testImageSwisscowsIsDysplaed",""
"passed","Tue Aug 15 11:27:34 GMT 2023","Tue Aug 15 11:27:38 GMT 2023","4049","Parallel Test Suite","Static pages tests","tests.MainTest","tests.MainTest","testQuestionAndAnswersWasOpened","testQuestionAndAnswersWasOpened",""
"passed","Tue Aug 15 11:32:25 GMT 2023","Tue Aug 15 11:32:29 GMT 2023","3853","Parallel Test Suite","Static pages tests","tests.footer.SetAsStartTest","tests.footer.SetAsStartTest","testAllIconsExistToSetAsStartPage","testAllIconsExistToSetAsStartPage",""
"passed","Tue Aug 15 11:28:52 GMT 2023","Tue Aug 15 11:28:56 GMT 2023","4051","Parallel Test Suite","Static pages tests","tests.footer.WhoWeAreTest","tests.footer.WhoWeAreTest","testH1text","testH1text",""
"broken","Tue Aug 15 11:40:42 GMT 2023","Tue Aug 15 11:41:05 GMT 2023","23265","Parallel Test Suite","Search pages test","tests.header.WebPageTest","tests.header.WebPageTest","testClickSearchCriteriaInRelatedSearch_WebPage","testClickSearchCriteriaInRelatedSearch_WebPage",""
"broken","Tue Aug 15 11:27:58 GMT 2023","Tue Aug 15 11:28:23 GMT 2023","24485","Parallel Test Suite","Static pages tests","tests.MainTest","tests.MainTest","testSuggestEqualsSearchCriteria","testSuggestEqualsSearchCriteria",""
"broken","Tue Aug 15 11:34:30 GMT 2023","Tue Aug 15 11:34:54 GMT 2023","24045","Parallel Test Suite","Search pages test","tests.header.NewsTest","tests.header.NewsTest","testAnyNumberInPaging_NewsPage","testAnyNumberInPaging_NewsPage",""
"broken","Tue Aug 15 11:39:01 GMT 2023","Tue Aug 15 11:39:24 GMT 2023","23580","Parallel Test Suite","Search pages test","tests.header.VideoTest","tests.header.VideoTest","testCheckboxNoRemindMe_VideoPage","testCheckboxNoRemindMe_VideoPage",""
"passed","Tue Aug 15 11:25:14 GMT 2023","Tue Aug 15 11:25:19 GMT 2023","5228","Parallel Test Suite","Static pages tests","tests.footer.FooterMenuTest","tests.footer.FooterMenuTest","testAppStoreIconNavigatesToAppStoreWeb","testAppStoreIconNavigatesToAppStoreWeb",""
"passed","Tue Aug 15 11:34:24 GMT 2023","Tue Aug 15 11:34:28 GMT 2023","4575","Parallel Test Suite","Static pages tests","tests.footer.MakeDefaultSearchTest","tests.footer.MakeDefaultSearchTest","testMakeDefaultSearchLinksNavigateToCorrespondingPages","testMakeDefaultSearchLinksNavigateToCorrespondingPages",""
"passed","Tue Aug 15 11:30:01 GMT 2023","Tue Aug 15 11:30:06 GMT 2023","4693","Parallel Test Suite","Static pages tests","tests.header.TopMenuTest","tests.header.TopMenuTest","testLocalizationNavigateToCorrespondingPages","testLocalizationNavigateToCorrespondingPages",""
"broken","Tue Aug 15 11:59:32 GMT 2023","Tue Aug 15 11:59:56 GMT 2023","23742","Parallel Test Suite","Search pages test","tests.header.WebPageTest","tests.header.WebPageTest","testTextOfAdvertising_WebPage","testTextOfAdvertising_WebPage",""
"broken","Tue Aug 15 11:57:41 GMT 2023","Tue Aug 15 11:58:04 GMT 2023","23218","Parallel Test Suite","Search pages test","tests.header.WebPageTest","tests.header.WebPageTest","testSearchFieldDidYouMeanMessage_webPage","testSearchFieldDidYouMeanMessage_webPage",""
"passed","Tue Aug 15 11:30:06 GMT 2023","Tue Aug 15 11:30:13 GMT 2023","7272","Parallel Test Suite","Static pages tests","tests.footer.CharityProjectTest","tests.footer.CharityProjectTest","testCharityProjectLinksNavigateToCorrespondingPages","testCharityProjectLinksNavigateToCorrespondingPages",""
"broken","Tue Aug 15 11:43:39 GMT 2023","Tue Aug 15 11:44:02 GMT 2023","23276","Parallel Test Suite","Search pages test","tests.header.WebPageTest","tests.header.WebPageTest","testHoverTextsRelatedSearch_WebPage","testHoverTextsRelatedSearch_WebPage",""
"passed","Tue Aug 15 11:32:26 GMT 2023","Tue Aug 15 11:32:29 GMT 2023","3342","Parallel Test Suite","Static pages tests","tests.header.TopMenuTest","tests.header.TopMenuTest","testThemeMenuTexts","testThemeMenuTexts",""
"passed","Tue Aug 15 11:30:54 GMT 2023","Tue Aug 15 11:30:59 GMT 2023","5095","Parallel Test Suite","Static pages tests","tests.footer.OurDatacenterTest","tests.footer.OurDatacenterTest","testLinksColorsDataCenterPage","testLinksColorsDataCenterPage",""
"passed","Tue Aug 15 11:27:20 GMT 2023","Tue Aug 15 11:27:24 GMT 2023","3965","Parallel Test Suite","Static pages tests","tests.MainTest","tests.MainTest","testPopupGoogleInstallIsDysplaed","testPopupGoogleInstallIsDysplaed",""
"passed","Tue Aug 15 11:28:52 GMT 2023","Tue Aug 15 11:28:55 GMT 2023","2739","Parallel Test Suite","Static pages tests","tests.header.TopMenuTest","tests.header.TopMenuTest","testHeartIconMessageIsDysplaed_MainPage","testHeartIconMessageIsDysplaed_MainPage",""
"passed","Tue Aug 15 11:28:48 GMT 2023","Tue Aug 15 11:28:52 GMT 2023","3607","Parallel Test Suite","Static pages tests","tests.header.TopMenuTest","tests.header.TopMenuTest","testHamburgerMenuLinksTexts","testHamburgerMenuLinksTexts",""
"broken","Tue Aug 15 11:55:49 GMT 2023","Tue Aug 15 11:56:03 GMT 2023","14112","Parallel Test Suite","Search pages test","tests.header.WebPageTest","tests.header.WebPageTest","testPreviousButtonInPaging_WebPage","testPreviousButtonInPaging_WebPage",""
"passed","Tue Aug 15 11:29:42 GMT 2023","Tue Aug 15 11:29:46 GMT 2023","4313","Parallel Test Suite","Static pages tests","tests.header.TopMenuTest","tests.header.TopMenuTest","testLocalizationNavigateToCorrespondingPages","testLocalizationNavigateToCorrespondingPages",""
"passed","Tue Aug 15 11:33:01 GMT 2023","Tue Aug 15 11:33:07 GMT 2023","6700","Parallel Test Suite","Static pages tests","tests.footer.SetAsStartTest","tests.footer.SetAsStartTest","testLocalizationGoToCorrespondingLanguage","testLocalizationGoToCorrespondingLanguage",""
"passed","Tue Aug 15 11:31:21 GMT 2023","Tue Aug 15 11:31:25 GMT 2023","4869","Parallel Test Suite","Static pages tests","tests.header.VpnPageTest","tests.header.VpnPageTest","testLinksColorsVpnPage","testLinksColorsVpnPage",""
"broken","Tue Aug 15 11:58:20 GMT 2023","Tue Aug 15 11:58:43 GMT 2023","23241","Parallel Test Suite","Search pages test","tests.header.WebPageTest","tests.header.WebPageTest","testSuggestEqualsSearchCriteria_WebSearch","testSuggestEqualsSearchCriteria_WebSearch",""
"passed","Tue Aug 15 11:30:36 GMT 2023","Tue Aug 15 11:30:45 GMT 2023","8899","Parallel Test Suite","Static pages tests","tests.header.TopMenuTest","tests.header.TopMenuTest","testLoginUserAndNicknameIsDysplaed","testLoginUserAndNicknameIsDysplaed",""
"passed","Tue Aug 15 11:30:19 GMT 2023","Tue Aug 15 11:30:28 GMT 2023","8159","Parallel Test Suite","Static pages tests","tests.footer.CharityProjectTest","tests.footer.CharityProjectTest","testHTML5VideoPlayerCharity","testHTML5VideoPlayerCharity",""
"broken","Tue Aug 15 11:40:13 GMT 2023","Tue Aug 15 11:40:37 GMT 2023","23621","Parallel Test Suite","Search pages test","tests.header.VideoTest","tests.header.VideoTest","testPlayVideoFromSideList","testPlayVideoFromSideList",""
"passed","Tue Aug 15 11:25:02 GMT 2023","Tue Aug 15 11:25:09 GMT 2023","6943","Parallel Test Suite","Static pages tests","tests.header.TopMenuTest","tests.header.TopMenuTest","tesThemeChanged","tesThemeChanged",""
"passed","Tue Aug 15 11:32:15 GMT 2023","Tue Aug 15 11:32:20 GMT 2023","5366","Parallel Test Suite","Static pages tests","tests.header.VpnPageTest","tests.header.VpnPageTest","testVpnLinksNavigateToCorrespondingPages","testVpnLinksNavigateToCorrespondingPages",""
"passed","Tue Aug 15 11:31:02 GMT 2023","Tue Aug 15 11:31:06 GMT 2023","4008","Parallel Test Suite","Static pages tests","tests.header.TopMenuTest","tests.header.TopMenuTest","testRegionNavigateToCorrespondingPages","testRegionNavigateToCorrespondingPages",""
"passed","Tue Aug 15 11:33:16 GMT 2023","Tue Aug 15 11:33:22 GMT 2023","5754","Parallel Test Suite","Static pages tests","tests.header.EmailTest","tests.header.EmailTest","testStartLoginAndInstallAndSupportButtonsColorsWhenHover_EmailPage","testStartLoginAndInstallAndSupportButtonsColorsWhenHover_EmailPage",""
"broken","Tue Aug 15 12:00:12 GMT 2023","Tue Aug 15 12:00:36 GMT 2023","23765","Parallel Test Suite","Search pages test","tests.header.WebPageTest","tests.header.WebPageTest","testWebResultsEqualsSearchCriteria","testWebResultsEqualsSearchCriteria",""
"passed","Tue Aug 15 11:31:44 GMT 2023","Tue Aug 15 11:31:48 GMT 2023","3969","Parallel Test Suite","Static pages tests","tests.header.TopMenuTest","tests.header.TopMenuTest","testRegionNavigateToCorrespondingPages","testRegionNavigateToCorrespondingPages",""
"passed","Tue Aug 15 11:25:02 GMT 2023","Tue Aug 15 11:25:05 GMT 2023","3004","Parallel Test Suite","Static pages tests","tests.SummaryTest","tests.SummaryTest","testOpenVersionTxtSwisscowsPage","testOpenVersionTxtSwisscowsPage",""
"broken","Tue Aug 15 11:50:05 GMT 2023","Tue Aug 15 11:50:29 GMT 2023","23686","Parallel Test Suite","Search pages test","tests.header.WebPageTest","tests.header.WebPageTest","testOpenImageInTheImageWidget_WebPage","testOpenImageInTheImageWidget_WebPage",""
"passed","Tue Aug 15 11:29:11 GMT 2023","Tue Aug 15 11:29:15 GMT 2023","4250","Parallel Test Suite","Static pages tests","tests.footer.MediaEducationTest","tests.footer.MediaEducationTest","testH2TextsMediaEducationPage","testH2TextsMediaEducationPage",""
"passed","Tue Aug 15 11:42:18 GMT 2023","Tue Aug 15 11:42:20 GMT 2023","1594","Parallel Test Suite","Search pages test","tests.header.WebPageTest","tests.header.WebPageTest","testError404PageNotFound","testError404PageNotFound",""
"passed","Tue Aug 15 11:27:50 GMT 2023","Tue Aug 15 11:27:55 GMT 2023","4766","Parallel Test Suite","Static pages tests","tests.header.TopMenuTest","tests.header.TopMenuTest","testEachHamburgerMenuLinksNavigatesToCorrespondingPage","testEachHamburgerMenuLinksNavigatesToCorrespondingPage",""
"passed","Tue Aug 15 11:25:09 GMT 2023","Tue Aug 15 11:25:13 GMT 2023","3421","Parallel Test Suite","Static pages tests","tests.MainTest","tests.MainTest","testAllImagesAndTextsIsDisplayedWhySwisscowsBlock_MainPage","testAllImagesAndTextsIsDisplayedWhySwisscowsBlock_MainPage",""
"passed","Tue Aug 15 11:32:38 GMT 2023","Tue Aug 15 11:32:43 GMT 2023","5504","Parallel Test Suite","Static pages tests","tests.header.EmailTest","tests.header.EmailTest","testLinksOfPriceContainersNavigateToCorrespondingPages_EmailPage","testLinksOfPriceContainersNavigateToCorrespondingPages_EmailPage",""
"passed","Tue Aug 15 11:33:35 GMT 2023","Tue Aug 15 11:33:39 GMT 2023","3592","Parallel Test Suite","Static pages tests","tests.footer.PrivacyPolicyTest","tests.footer.PrivacyPolicyTest","testLinksColorsPrivacyPolicyPage","testLinksColorsPrivacyPolicyPage",""
"broken","Tue Aug 15 11:42:39 GMT 2023","Tue Aug 15 11:43:02 GMT 2023","23232","Parallel Test Suite","Search pages test","tests.header.VideoTest","tests.header.VideoTest","testSuggestEqualsSearchCriteria_VideoSearch","testSuggestEqualsSearchCriteria_VideoSearch",""
"broken","Tue Aug 15 11:52:56 GMT 2023","Tue Aug 15 11:53:20 GMT 2023","23215","Parallel Test Suite","Search pages test","tests.header.WebPageTest","tests.header.WebPageTest","testOpenTrackersInPreview_WebPage","testOpenTrackersInPreview_WebPage",""
"passed","Tue Aug 15 11:27:19 GMT 2023","Tue Aug 15 11:27:24 GMT 2023","4740","Parallel Test Suite","Static pages tests","tests.header.TopMenuTest","tests.header.TopMenuTest","testEachHamburgerMenuLinksNavigatesToCorrespondingPage","testEachHamburgerMenuLinksNavigatesToCorrespondingPage",""
"passed","Tue Aug 15 11:32:30 GMT 2023","Tue Aug 15 11:32:34 GMT 2023","4647","Parallel Test Suite","Static pages tests","tests.footer.SetAsStartTest","tests.footer.SetAsStartTest","testDragLinkNavigateToCorrespondingPage","testDragLinkNavigateToCorrespondingPage",""
"broken","Tue Aug 15 11:56:58 GMT 2023","Tue Aug 15 11:57:24 GMT 2023","25167","Parallel Test Suite","Search pages test","tests.header.MusicTest","tests.header.MusicTest","testAddTrackInTheFavorite","testAddTrackInTheFavorite",""
"passed","Tue Aug 15 11:27:11 GMT 2023","Tue Aug 15 11:27:14 GMT 2023","3516","Parallel Test Suite","Static pages tests","tests.header.TopMenuTest","tests.header.TopMenuTest","testEachHamburgerMenuLinksNavigatesToCorrespondingPage","testEachHamburgerMenuLinksNavigatesToCorrespondingPage",""
"passed","Tue Aug 15 11:33:22 GMT 2023","Tue Aug 15 11:33:28 GMT 2023","5852","Parallel Test Suite","Static pages tests","tests.footer.DonationTest","tests.footer.DonationTest","testAllImageExistDonationPage","testAllImageExistDonationPage",""
"failed","Tue Aug 15 11:42:20 GMT 2023","Tue Aug 15 11:42:23 GMT 2023","3514","Parallel Test Suite","Search pages test","tests.header.WebPageTest","tests.header.WebPageTest","testError450RequestIsBlocked_WebPage","testError450RequestIsBlocked_WebPage",""
"passed","Tue Aug 15 11:27:39 GMT 2023","Tue Aug 15 11:27:42 GMT 2023","3464","Parallel Test Suite","Static pages tests","tests.header.TopMenuTest","tests.header.TopMenuTest","testEachHamburgerMenuLinksNavigatesToCorrespondingPage","testEachHamburgerMenuLinksNavigatesToCorrespondingPage",""
"passed","Tue Aug 15 11:27:48 GMT 2023","Tue Aug 15 11:27:51 GMT 2023","3590","Parallel Test Suite","Static pages tests","tests.MainTest","tests.MainTest","testServicesBlockLinksNavigateToCorrespondingPages","testServicesBlockLinksNavigateToCorrespondingPages",""
"broken","Tue Aug 15 11:49:17 GMT 2023","Tue Aug 15 11:49:41 GMT 2023","23599","Parallel Test Suite","Search pages test","tests.header.WebPageTest","tests.header.WebPageTest","testOpenAdvertising_WebPage","testOpenAdvertising_WebPage",""
"passed","Tue Aug 15 11:25:18 GMT 2023","Tue Aug 15 11:25:23 GMT 2023","5497","Parallel Test Suite","Static pages tests","tests.MainTest","tests.MainTest","testAnswersTextsMainPage","testAnswersTextsMainPage",""
"broken","Tue Aug 15 11:36:07 GMT 2023","Tue Aug 15 11:36:31 GMT 2023","23554","Parallel Test Suite","Search pages test","tests.header.ImageTest","tests.header.ImageTest","testNextButtonInSideView_ImagePage","testNextButtonInSideView_ImagePage",""
"passed","Tue Aug 15 11:32:08 GMT 2023","Tue Aug 15 11:32:14 GMT 2023","5647","Parallel Test Suite","Static pages tests","tests.header.VpnPageTest","tests.header.VpnPageTest","testVpnLinksNavigateToCorrespondingPages","testVpnLinksNavigateToCorrespondingPages",""
"passed","Tue Aug 15 11:33:52 GMT 2023","Tue Aug 15 11:33:58 GMT 2023","5832","Parallel Test Suite","Static pages tests","tests.footer.DonationTest","tests.footer.DonationTest","testH1ColorsDonationPage","testH1ColorsDonationPage",""
"broken","Tue Aug 15 11:27:31 GMT 2023","Tue Aug 15 11:27:54 GMT 2023","23439","Parallel Test Suite","Static pages tests","tests.footer.FooterMenuTest","tests.footer.FooterMenuTest","testExternalFooterSearchLinksNavigateToCorrespondingPages","testExternalFooterSearchLinksNavigateToCorrespondingPages",""
"passed","Tue Aug 15 11:28:06 GMT 2023","Tue Aug 15 11:28:12 GMT 2023","5697","Parallel Test Suite","Static pages tests","tests.footer.FooterMenuTest","tests.footer.FooterMenuTest","testExternalMenuLinksNavigateToCorrespondingPages","testExternalMenuLinksNavigateToCorrespondingPages",""
"passed","Tue Aug 15 11:32:54 GMT 2023","Tue Aug 15 11:33:00 GMT 2023","6279","Parallel Test Suite","Static pages tests","tests.footer.SetAsStartTest","tests.footer.SetAsStartTest","testLocalizationGoToCorrespondingLanguage","testLocalizationGoToCorrespondingLanguage",""
"broken","Tue Aug 15 11:51:19 GMT 2023","Tue Aug 15 11:51:43 GMT 2023","23779","Parallel Test Suite","Search pages test","tests.header.WebPageTest","tests.header.WebPageTest","testOpenNewsInTheNewsWidget_WebPage","testOpenNewsInTheNewsWidget_WebPage",""
"passed","Tue Aug 15 11:31:26 GMT 2023","Tue Aug 15 11:31:32 GMT 2023","5919","Parallel Test Suite","Static pages tests","tests.header.VpnInstructionsTest","tests.header.VpnInstructionsTest","testH2TextsVpnInstructionsPage","testH2TextsVpnInstructionsPage",""
"passed","Tue Aug 15 11:28:40 GMT 2023","Tue Aug 15 11:28:45 GMT 2023","4929","Parallel Test Suite","Static pages tests","tests.footer.FooterMenuTest","tests.footer.FooterMenuTest","testFooterMenuLinksNavigateToCorrespondingPages","testFooterMenuLinksNavigateToCorrespondingPages",""
"broken","Tue Aug 15 11:28:23 GMT 2023","Tue Aug 15 11:28:47 GMT 2023","23779","Parallel Test Suite","Static pages tests","tests.MainTest","tests.MainTest","testSuggestIsDysplaed","testSuggestIsDysplaed",""
"broken","Tue Aug 15 11:36:58 GMT 2023","Tue Aug 15 11:37:22 GMT 2023","24198","Parallel Test Suite","Search pages test","tests.header.NewsTest","tests.header.NewsTest","testOpenNewsPost_NewsPage","testOpenNewsPost_NewsPage",""
"passed","Tue Aug 15 11:31:39 GMT 2023","Tue Aug 15 11:31:43 GMT 2023","4271","Parallel Test Suite","Static pages tests","tests.header.TopMenuTest","tests.header.TopMenuTest","testRegionNavigateToCorrespondingPages","testRegionNavigateToCorrespondingPages",""
"passed","Tue Aug 15 11:34:04 GMT 2023","Tue Aug 15 11:34:10 GMT 2023","5710","Parallel Test Suite","Static pages tests","tests.footer.DonationTest","tests.footer.DonationTest","testLinksColorsDonationPage","testLinksColorsDonationPage",""
"passed","Tue Aug 15 11:27:29 GMT 2023","Tue Aug 15 11:27:33 GMT 2023","3929","Parallel Test Suite","Static pages tests","tests.MainTest","tests.MainTest","testQuestionAndAnswersOpenAndClose","testQuestionAndAnswersOpenAndClose",""
"passed","Tue Aug 15 11:31:10 GMT 2023","Tue Aug 15 11:31:15 GMT 2023","4315","Parallel Test Suite","Static pages tests","tests.header.VpnPageTest","tests.header.VpnPageTest","testH2TextsVpnPage","testH2TextsVpnPage",""
"passed","Tue Aug 15 11:32:20 GMT 2023","Tue Aug 15 11:32:25 GMT 2023","4746","Parallel Test Suite","Static pages tests","tests.header.VpnPageTest","tests.header.VpnPageTest","testVpnLogoNavigatesToBaseURL","testVpnLogoNavigatesToBaseURL",""
"skipped","Tue Aug 15 11:41:30 GMT 2023","Tue Aug 15 11:41:30 GMT 2023","0","Parallel Test Suite","Search pages test","tests.header.ImageTest","tests.header.ImageTest","testAddSeveralImagesToFavorite_ImagePage","testAddSeveralImagesToFavorite_ImagePage",""
"passed","Tue Aug 15 11:27:01 GMT 2023","Tue Aug 15 11:27:06 GMT 2023","5332","Parallel Test Suite","Static pages tests","tests.header.TopMenuTest","tests.header.TopMenuTest","testCompanyLogoNavigatesToBaseURL","testCompanyLogoNavigatesToBaseURL",""
"passed","Tue Aug 15 11:33:07 GMT 2023","Tue Aug 15 11:33:11 GMT 2023","4005","Parallel Test Suite","Static pages tests","tests.footer.MakeDefaultSearchTest","tests.footer.MakeDefaultSearchTest","testAllIconsExistToMakeDefaultSearchPage","testAllIconsExistToMakeDefaultSearchPage",""
"passed","Tue Aug 15 11:30:15 GMT 2023","Tue Aug 15 11:30:19 GMT 2023","4037","Parallel Test Suite","Static pages tests","tests.footer.FooterMenuTest","tests.footer.FooterMenuTest","testSwisscowsEmailLinkFooterNavigatesToSwisscowsEmailSite","testSwisscowsEmailLinkFooterNavigatesToSwisscowsEmailSite",""
"passed","Tue Aug 15 11:31:48 GMT 2023","Tue Aug 15 11:31:52 GMT 2023","3604","Parallel Test Suite","Static pages tests","tests.header.TopMenuTest","tests.header.TopMenuTest","testRegionNavigateToCorrespondingPages","testRegionNavigateToCorrespondingPages",""
"unknown","Tue Aug 15 11:24:52 GMT 2023","Tue Aug 15 11:24:52 GMT 2023","0","Parallel Test Suite","Static pages tests","tests.MainTest","tests.MainTest","testHomePageBannerSwitching","testHomePageBannerSwitching",""
"passed","Tue Aug 15 11:28:40 GMT 2023","Tue Aug 15 11:28:44 GMT 2023","4088","Parallel Test Suite","Static pages tests","tests.header.TopMenuTest","tests.header.TopMenuTest","testHamburgerMenuIsAvailableAndHasOptions_TopMenu","testHamburgerMenuIsAvailableAndHasOptions_TopMenu",""
"broken","Tue Aug 15 11:32:38 GMT 2023","Tue Aug 15 11:33:01 GMT 2023","23103","Parallel Test Suite","Static pages tests","tests.header.TopMenuTest","tests.header.TopMenuTest","testVpnIconNavigatesToVpnPage_SearchPage","testVpnIconNavigatesToVpnPage_SearchPage",""
"passed","Tue Aug 15 11:28:01 GMT 2023","Tue Aug 15 11:28:06 GMT 2023","5075","Parallel Test Suite","Static pages tests","tests.footer.FooterMenuTest","tests.footer.FooterMenuTest","testExternalMenuLinksNavigateToCorrespondingPages","testExternalMenuLinksNavigateToCorrespondingPages",""
"passed","Tue Aug 15 11:33:39 GMT 2023","Tue Aug 15 11:33:44 GMT 2023","4688","Parallel Test Suite","Static pages tests","tests.footer.PrivacyPolicyTest","tests.footer.PrivacyPolicyTest","testPrivacyMicrosoftLinkNavigateToCorrespondingPages","testPrivacyMicrosoftLinkNavigateToCorrespondingPages",""
"passed","Tue Aug 15 11:29:03 GMT 2023","Tue Aug 15 11:29:07 GMT 2023","3801","Parallel Test Suite","Static pages tests","tests.footer.FooterMenuTest","tests.footer.FooterMenuTest","testFooterMenuLinksNavigateToCorrespondingPages","testFooterMenuLinksNavigateToCorrespondingPages",""
"broken","Tue Aug 15 11:28:16 GMT 2023","Tue Aug 15 11:28:39 GMT 2023","23000","Parallel Test Suite","Static pages tests","tests.header.TopMenuTest","tests.header.TopMenuTest","testEmailIconNavigatesToLoginPageIfLoggedIn_SearchPage","testEmailIconNavigatesToLoginPageIfLoggedIn_SearchPage",""
"passed","Tue Aug 15 11:33:36 GMT 2023","Tue Aug 15 11:33:43 GMT 2023","7648","Parallel Test Suite","Static pages tests","tests.footer.DonationTest","tests.footer.DonationTest","testDonationLinksNavigateToCorrespondingPages","testDonationLinksNavigateToCorrespondingPages",""
"passed","Tue Aug 15 11:29:19 GMT 2023","Tue Aug 15 11:29:23 GMT 2023","4094","Parallel Test Suite","Static pages tests","tests.header.TopMenuTest","tests.header.TopMenuTest","testLocalizationDropdownMenuIsAvailableAndHasOptions_TopMenu","testLocalizationDropdownMenuIsAvailableAndHasOptions_TopMenu",""
"passed","Tue Aug 15 11:34:08 GMT 2023","Tue Aug 15 11:34:12 GMT 2023","4339","Parallel Test Suite","Static pages tests","tests.footer.MakeDefaultSearchTest","tests.footer.MakeDefaultSearchTest","testMakeDefaultSearchLinksNavigateToCorrespondingPages","testMakeDefaultSearchLinksNavigateToCorrespondingPages",""
"broken","Tue Aug 15 11:29:11 GMT 2023","Tue Aug 15 11:29:35 GMT 2023","23454","Parallel Test Suite","Static pages tests","tests.footer.FooterMenuTest","tests.footer.FooterMenuTest","testFooterSearchMenuLinksAmount","testFooterSearchMenuLinksAmount",""
"passed","Tue Aug 15 11:32:17 GMT 2023","Tue Aug 15 11:32:23 GMT 2023","5169","Parallel Test Suite","Static pages tests","tests.header.EmailTest","tests.header.EmailTest","testLinksOfOfEmailPageNavigateToCorrespondingPages_EmailPage","testLinksOfOfEmailPageNavigateToCorrespondingPages_EmailPage",""
"broken","Tue Aug 15 11:43:27 GMT 2023","Tue Aug 15 11:43:50 GMT 2023","23666","Parallel Test Suite","Search pages test","tests.header.VideoTest","tests.header.VideoTest","testVideoResultsEqualsSearchCriteriaWhenWatchingVideo","testVideoResultsEqualsSearchCriteriaWhenWatchingVideo",""
"passed","Tue Aug 15 11:27:29 GMT 2023","Tue Aug 15 11:27:33 GMT 2023","4690","Parallel Test Suite","Static pages tests","tests.header.TopMenuTest","tests.header.TopMenuTest","testEachHamburgerMenuLinksNavigatesToCorrespondingPage","testEachHamburgerMenuLinksNavigatesToCorrespondingPage",""
"passed","Tue Aug 15 11:32:03 GMT 2023","Tue Aug 15 11:32:08 GMT 2023","4903","Parallel Test Suite","Static pages tests","tests.header.VpnPageTest","tests.header.VpnPageTest","testVpnLinksNavigateToCorrespondingPages","testVpnLinksNavigateToCorrespondingPages",""
"broken","Tue Aug 15 11:38:32 GMT 2023","Tue Aug 15 11:38:56 GMT 2023","23374","Parallel Test Suite","Search pages test","tests.header.ImageTest","tests.header.ImageTest","testScrollToNextPage_ImagePage","testScrollToNextPage_ImagePage",""
"passed","Tue Aug 15 11:34:18 GMT 2023","Tue Aug 15 11:34:25 GMT 2023","6956","Parallel Test Suite","Static pages tests","tests.footer.DonationTest","tests.footer.DonationTest","testPdfLinkEuroDonation","testPdfLinkEuroDonation",""
"passed","Tue Aug 15 11:31:11 GMT 2023","Tue Aug 15 11:31:15 GMT 2023","4039","Parallel Test Suite","Static pages tests","tests.header.TopMenuTest","tests.header.TopMenuTest","testRegionNavigateToCorrespondingPages","testRegionNavigateToCorrespondingPages",""
"passed","Tue Aug 15 11:29:59 GMT 2023","Tue Aug 15 11:30:04 GMT 2023","5041","Parallel Test Suite","Static pages tests","tests.footer.FooterMenuTest","tests.footer.FooterMenuTest","testLinkedinIconNavigatesToLinkedinWeb","testLinkedinIconNavigatesToLinkedinWeb",""
"broken","Tue Aug 15 11:43:15 GMT 2023","Tue Aug 15 11:43:38 GMT 2023","23311","Parallel Test Suite","Search pages test","tests.header.WebPageTest","tests.header.WebPageTest","testHoverPreviewButtons_WebPage","testHoverPreviewButtons_WebPage",""
"passed","Tue Aug 15 11:30:06 GMT 2023","Tue Aug 15 11:30:11 GMT 2023","4845","Parallel Test Suite","Static pages tests","tests.header.TopMenuTest","tests.header.TopMenuTest","testLocalizationNavigateToCorrespondingPages","testLocalizationNavigateToCorrespondingPages",""
"passed","Tue Aug 15 11:28:50 GMT 2023","Tue Aug 15 11:28:54 GMT 2023","4271","Parallel Test Suite","Static pages tests","tests.footer.FooterMenuTest","tests.footer.FooterMenuTest","testFooterMenuLinksNavigateToCorrespondingPages","testFooterMenuLinksNavigateToCorrespondingPages",""
"passed","Tue Aug 15 11:32:32 GMT 2023","Tue Aug 15 11:32:37 GMT 2023","5770","Parallel Test Suite","Static pages tests","tests.header.EmailTest","tests.header.EmailTest","testLinksOfOfEmailPageNavigateToCorrespondingPages_EmailPage","testLinksOfOfEmailPageNavigateToCorrespondingPages_EmailPage",""
"passed","Tue Aug 15 11:42:24 GMT 2023","Tue Aug 15 11:42:26 GMT 2023","1983","Parallel Test Suite","Search pages test","tests.header.WebPageTest","tests.header.WebPageTest","testError500UnknownError","testError500UnknownError",""
"passed","Tue Aug 15 11:28:16 GMT 2023","Tue Aug 15 11:28:22 GMT 2023","5372","Parallel Test Suite","Static pages tests","tests.footer.FooterMenuTest","tests.footer.FooterMenuTest","testExternalMenuLinksNavigateToCorrespondingPages","testExternalMenuLinksNavigateToCorrespondingPages",""
"passed","Tue Aug 15 11:30:20 GMT 2023","Tue Aug 15 11:30:25 GMT 2023","4982","Parallel Test Suite","Static pages tests","tests.footer.FooterMenuTest","tests.footer.FooterMenuTest","testTeleGardIconNavigatesToTeleGardWeb","testTeleGardIconNavigatesToTeleGardWeb",""
"broken","Tue Aug 15 11:27:07 GMT 2023","Tue Aug 15 11:27:30 GMT 2023","23072","Parallel Test Suite","Static pages tests","tests.footer.FooterMenuTest","tests.footer.FooterMenuTest","testExternalFooterSearchLinksNavigateToCorrespondingPages","testExternalFooterSearchLinksNavigateToCorrespondingPages",""
"passed","Tue Aug 15 11:29:56 GMT 2023","Tue Aug 15 11:30:01 GMT 2023","4919","Parallel Test Suite","Static pages tests","tests.header.TopMenuTest","tests.header.TopMenuTest","testLocalizationNavigateToCorrespondingPages","testLocalizationNavigateToCorrespondingPages",""
"passed","Tue Aug 15 11:30:12 GMT 2023","Tue Aug 15 11:30:15 GMT 2023","2901","Parallel Test Suite","Static pages tests","tests.footer.FooterMenuTest","tests.footer.FooterMenuTest","testStorePanelExistsAndHasIcons","testStorePanelExistsAndHasIcons",""
"passed","Tue Aug 15 11:30:45 GMT 2023","Tue Aug 15 11:30:49 GMT 2023","4007","Parallel Test Suite","Static pages tests","tests.footer.ContactUsTest","tests.footer.ContactUsTest","testLinksColorContactUsPage","testLinksColorContactUsPage",""
"passed","Tue Aug 15 11:34:10 GMT 2023","Tue Aug 15 11:34:17 GMT 2023","6769","Parallel Test Suite","Static pages tests","tests.footer.DonationTest","tests.footer.DonationTest","testPdfLinkCHFDonation","testPdfLinkCHFDonation",""
"passed","Tue Aug 15 11:30:58 GMT 2023","Tue Aug 15 11:31:02 GMT 2023","4063","Parallel Test Suite","Static pages tests","tests.header.TopMenuTest","tests.header.TopMenuTest","testRegionNavigateToCorrespondingPages","testRegionNavigateToCorrespondingPages",""
"passed","Tue Aug 15 11:30:46 GMT 2023","Tue Aug 15 11:30:51 GMT 2023","5313","Parallel Test Suite","Static pages tests","tests.header.TopMenuTest","tests.header.TopMenuTest","testNavigationAccountPageWhenClickingSingInFromHamburgerMenu","testNavigationAccountPageWhenClickingSingInFromHamburgerMenu",""
"broken","Tue Aug 15 11:34:30 GMT 2023","Tue Aug 15 11:34:53 GMT 2023","23300","Parallel Test Suite","Search pages test","tests.header.ImageTest","tests.header.ImageTest","testCloseButtonInSideView_ImagePage","testCloseButtonInSideView_ImagePage",""
"passed","Tue Aug 15 11:31:07 GMT 2023","Tue Aug 15 11:31:11 GMT 2023","4064","Parallel Test Suite","Static pages tests","tests.header.TopMenuTest","tests.header.TopMenuTest","testRegionNavigateToCorrespondingPages","testRegionNavigateToCorrespondingPages",""
"broken","Tue Aug 15 11:46:28 GMT 2023","Tue Aug 15 11:46:52 GMT 2023","23522","Parallel Test Suite","Search pages test","tests.header.WebPageTest","tests.header.WebPageTest","testNextAndPrevButtonsInProductAdvertising_WebPage","testNextAndPrevButtonsInProductAdvertising_WebPage",""
"broken","Tue Aug 15 11:43:03 GMT 2023","Tue Aug 15 11:43:26 GMT 2023","23269","Parallel Test Suite","Search pages test","tests.header.VideoTest","tests.header.VideoTest","testVideoResultsEqualsSearchCriteria","testVideoResultsEqualsSearchCriteria",""
"passed","Tue Aug 15 11:27:55 GMT 2023","Tue Aug 15 11:28:00 GMT 2023","5430","Parallel Test Suite","Static pages tests","tests.footer.FooterMenuTest","tests.footer.FooterMenuTest","testExternalMenuLinksNavigateToCorrespondingPages","testExternalMenuLinksNavigateToCorrespondingPages",""
"broken","Tue Aug 15 11:38:57 GMT 2023","Tue Aug 15 11:39:20 GMT 2023","23272","Parallel Test Suite","Search pages test","tests.header.ImageTest","tests.header.ImageTest","testSelectAnyQueryFromRelatedSearch_ImagePage","testSelectAnyQueryFromRelatedSearch_ImagePage",""
"broken","Tue Aug 15 11:45:16 GMT 2023","Tue Aug 15 11:45:39 GMT 2023","23728","Parallel Test Suite","Search pages test","tests.header.WebPageTest","tests.header.WebPageTest","testImagesAndTitleIsDysplaedInNewsWidget_WebPage","testImagesAndTitleIsDysplaedInNewsWidget_WebPage",""
"broken","Tue Aug 15 11:43:37 GMT 2023","Tue Aug 15 11:44:00 GMT 2023","23330","Parallel Test Suite","Search pages test","tests.header.MusicTest","tests.header.MusicTest","testClickPauseOfTrack","testClickPauseOfTrack",""
"unknown","Tue Aug 15 11:24:52 GMT 2023","Tue Aug 15 11:24:52 GMT 2023","0","Parallel Test Suite","Static pages tests","tests.footer.ContactUsTest","tests.footer.ContactUsTest","testFormContactUs","testFormContactUs",""
"passed","Tue Aug 15 11:29:24 GMT 2023","Tue Aug 15 11:29:29 GMT 2023","4569","Parallel Test Suite","Static pages tests","tests.footer.MediaEducationTest","tests.footer.MediaEducationTest","testLinksColorsMediaEducationPage","testLinksColorsMediaEducationPage",""
"passed","Tue Aug 15 11:30:26 GMT 2023","Tue Aug 15 11:30:36 GMT 2023","9643","Parallel Test Suite","Static pages tests","tests.header.TopMenuTest","tests.header.TopMenuTest","testLoginUserAndAvatarIconIsDysplaed","testLoginUserAndAvatarIconIsDysplaed",""
"broken","Tue Aug 15 11:25:47 GMT 2023","Tue Aug 15 11:26:10 GMT 2023","22852","Parallel Test Suite","Static pages tests","tests.header.TopMenuTest","tests.header.TopMenuTest","testCharityQueryCounterSearchImage","testCharityQueryCounterSearchImage",""
"passed","Tue Aug 15 11:29:29 GMT 2023","Tue Aug 15 11:29:33 GMT 2023","3942","Parallel Test Suite","Static pages tests","tests.header.TopMenuTest","tests.header.TopMenuTest","testLocalizationNavigateToCorrespondingPages","testLocalizationNavigateToCorrespondingPages",""
"passed","Tue Aug 15 11:31:57 GMT 2023","Tue Aug 15 11:32:03 GMT 2023","5624","Parallel Test Suite","Static pages tests","tests.header.VpnPageTest","tests.header.VpnPageTest","testVpnLinksNavigateToCorrespondingPages","testVpnLinksNavigateToCorrespondingPages",""
"broken","Tue Aug 15 11:34:55 GMT 2023","Tue Aug 15 11:35:19 GMT 2023","23869","Parallel Test Suite","Search pages test","tests.header.NewsTest","tests.header.NewsTest","testError501UnsupportedRegion_NewsPage","testError501UnsupportedRegion_NewsPage",""
"broken","Tue Aug 15 11:39:25 GMT 2023","Tue Aug 15 11:39:49 GMT 2023","23659","Parallel Test Suite","Search pages test","tests.header.VideoTest","tests.header.VideoTest","testFilterSearch_VideoPage","testFilterSearch_VideoPage",""
"passed","Tue Aug 15 11:32:02 GMT 2023","Tue Aug 15 11:32:06 GMT 2023","4132","Parallel Test Suite","Static pages tests","tests.header.EmailTest","tests.header.EmailTest","testH2TextsEmailPage","testH2TextsEmailPage",""
"passed","Tue Aug 15 11:27:15 GMT 2023","Tue Aug 15 11:27:18 GMT 2023","3815","Parallel Test Suite","Static pages tests","tests.header.TopMenuTest","tests.header.TopMenuTest","testEachHamburgerMenuLinksNavigatesToCorrespondingPage","testEachHamburgerMenuLinksNavigatesToCorrespondingPage",""
"passed","Tue Aug 15 11:33:35 GMT 2023","Tue Aug 15 11:33:42 GMT 2023","6475","Parallel Test Suite","Static pages tests","tests.footer.MakeDefaultSearchTest","tests.footer.MakeDefaultSearchTest","testLocalizationGoToCorrespondingLanguage","testLocalizationGoToCorrespondingLanguage",""
"passed","Tue Aug 15 11:32:33 GMT 2023","Tue Aug 15 11:32:37 GMT 2023","4013","Parallel Test Suite","Static pages tests","tests.header.TopMenuTest","tests.header.TopMenuTest","testVPNIconNavigatesToVPNWebPage","testVPNIconNavigatesToVPNWebPage",""
"passed","Tue Aug 15 11:33:24 GMT 2023","Tue Aug 15 11:33:28 GMT 2023","3832","Parallel Test Suite","Static pages tests","tests.footer.MakeDefaultSearchTest","tests.footer.MakeDefaultSearchTest","testLinksColorsMakeDefaultSearchPage","testLinksColorsMakeDefaultSearchPage",""
"passed","Tue Aug 15 11:34:18 GMT 2023","Tue Aug 15 11:34:23 GMT 2023","5710","Parallel Test Suite","Static pages tests","tests.footer.MakeDefaultSearchTest","tests.footer.MakeDefaultSearchTest","testMakeDefaultSearchLinksNavigateToCorrespondingPages","testMakeDefaultSearchLinksNavigateToCorrespondingPages",""
"passed","Tue Aug 15 11:32:23 GMT 2023","Tue Aug 15 11:32:31 GMT 2023","8437","Parallel Test Suite","Static pages tests","tests.header.EmailTest","tests.header.EmailTest","testLinksOfOfEmailPageNavigateToCorrespondingPages_EmailPage","testLinksOfOfEmailPageNavigateToCorrespondingPages_EmailPage",""
"passed","Tue Aug 15 11:31:20 GMT 2023","Tue Aug 15 11:31:25 GMT 2023","4524","Parallel Test Suite","Static pages tests","tests.header.TopMenuTest","tests.header.TopMenuTest","testRegionNavigateToCorrespondingPages","testRegionNavigateToCorrespondingPages",""
"passed","Tue Aug 15 11:27:16 GMT 2023","Tue Aug 15 11:27:20 GMT 2023","3348","Parallel Test Suite","Static pages tests","tests.MainTest","tests.MainTest","testPlaceholderIsAvailable_Main","testPlaceholderIsAvailable_Main",""
"passed","Tue Aug 15 11:27:43 GMT 2023","Tue Aug 15 11:27:49 GMT 2023","6886","Parallel Test Suite","Static pages tests","tests.header.TopMenuTest","tests.header.TopMenuTest","testEachHamburgerMenuLinksNavigatesToCorrespondingPage","testEachHamburgerMenuLinksNavigatesToCorrespondingPage",""
"passed","Tue Aug 15 11:29:53 GMT 2023","Tue Aug 15 11:29:59 GMT 2023","5884","Parallel Test Suite","Static pages tests","tests.footer.CharityProjectTest","tests.footer.CharityProjectTest","testCharityProjectFirstSlider","testCharityProjectFirstSlider",""
"passed","Tue Aug 15 11:33:27 GMT 2023","Tue Aug 15 11:33:30 GMT 2023","3885","Parallel Test Suite","Static pages tests","tests.footer.PrivacyPolicyTest","tests.footer.PrivacyPolicyTest","testH2FontSizesPrivacyPolicyPage","testH2FontSizesPrivacyPolicyPage",""
"passed","Tue Aug 15 11:33:20 GMT 2023","Tue Aug 15 11:33:24 GMT 2023","4099","Parallel Test Suite","Static pages tests","tests.footer.MakeDefaultSearchTest","tests.footer.MakeDefaultSearchTest","testH2TextsMakeDefaultSearchPage","testH2TextsMakeDefaultSearchPage",""
"passed","Tue Aug 15 11:29:16 GMT 2023","Tue Aug 15 11:29:24 GMT 2023","8124","Parallel Test Suite","Static pages tests","tests.footer.MediaEducationTest","tests.footer.MediaEducationTest","testHTML5VideoYouTubePlayerMediaEducation","testHTML5VideoYouTubePlayerMediaEducation",""
"passed","Tue Aug 15 11:33:11 GMT 2023","Tue Aug 15 11:33:15 GMT 2023","3889","Parallel Test Suite","Static pages tests","tests.footer.MakeDefaultSearchTest","tests.footer.MakeDefaultSearchTest","testAnimationImageAreDysplaed","testAnimationImageAreDysplaed",""
"passed","Tue Aug 15 11:34:12 GMT 2023","Tue Aug 15 11:34:17 GMT 2023","4965","Parallel Test Suite","Static pages tests","tests.footer.MakeDefaultSearchTest","tests.footer.MakeDefaultSearchTest","testMakeDefaultSearchLinksNavigateToCorrespondingPages","testMakeDefaultSearchLinksNavigateToCorrespondingPages",""
"passed","Tue Aug 15 11:28:31 GMT 2023","Tue Aug 15 11:28:35 GMT 2023","4219","Parallel Test Suite","Static pages tests","tests.footer.FooterMenuTest","tests.footer.FooterMenuTest","testFooterMenuLinksNavigateToCorrespondingPages","testFooterMenuLinksNavigateToCorrespondingPages",""
"passed","Tue Aug 15 11:33:28 GMT 2023","Tue Aug 15 11:33:35 GMT 2023","6943","Parallel Test Suite","Static pages tests","tests.footer.DonationTest","tests.footer.DonationTest","testDonationLinksNavigateToCorrespondingPages","testDonationLinksNavigateToCorrespondingPages",""
"passed","Tue Aug 15 11:31:37 GMT 2023","Tue Aug 15 11:31:42 GMT 2023","4397","Parallel Test Suite","Static pages tests","tests.header.VpnPageTest","tests.header.VpnPageTest","testTextsFontSizesVpnPage","testTextsFontSizesVpnPage",""
"broken","Tue Aug 15 11:35:50 GMT 2023","Tue Aug 15 11:36:14 GMT 2023","23658","Parallel Test Suite","Search pages test","tests.header.WebPageTest","tests.header.WebPageTest","testChangeLanguage_WebPage","testChangeLanguage_WebPage",""
"passed","Tue Aug 15 11:31:32 GMT 2023","Tue Aug 15 11:31:37 GMT 2023","4591","Parallel Test Suite","Static pages tests","tests.header.VpnPageTest","tests.header.VpnPageTest","testStarNowButtonColorWhenHover_VpnPage","testStarNowButtonColorWhenHover_VpnPage",""
"passed","Tue Aug 15 11:25:10 GMT 2023","Tue Aug 15 11:25:13 GMT 2023","3354","Parallel Test Suite","Static pages tests","tests.footer.FooterMenuTest","tests.footer.FooterMenuTest","testAboutSwisscowsTexts","testAboutSwisscowsTexts",""
"broken","Tue Aug 15 11:52:05 GMT 2023","Tue Aug 15 11:52:28 GMT 2023","23761","Parallel Test Suite","Search pages test","tests.header.MusicTest","tests.header.MusicTest","testShuffleFunctionInPlayer","testShuffleFunctionInPlayer",""
"passed","Tue Aug 15 11:27:11 GMT 2023","Tue Aug 15 11:27:16 GMT 2023","5139","Parallel Test Suite","Static pages tests","tests.MainTest","tests.MainTest","testLinkIn4Question","testLinkIn4Question",""
"passed","Tue Aug 15 11:32:13 GMT 2023","Tue Aug 15 11:32:17 GMT 2023","4204","Parallel Test Suite","Static pages tests","tests.header.EmailTest","tests.header.EmailTest","testLinksColorsEmailPage","testLinksColorsEmailPage",""
"passed","Tue Aug 15 11:31:26 GMT 2023","Tue Aug 15 11:31:31 GMT 2023","5563","Parallel Test Suite","Static pages tests","tests.header.VpnPageTest","tests.header.VpnPageTest","testRegisterLinkNavigateToCorrespondingPage","testRegisterLinkNavigateToCorrespondingPage",""
"passed","Tue Aug 15 11:31:05 GMT 2023","Tue Aug 15 11:31:10 GMT 2023","5186","Parallel Test Suite","Static pages tests","tests.header.VpnPageTest","tests.header.VpnPageTest","testExtensionsIconsExist","testExtensionsIconsExist",""
"passed","Tue Aug 15 11:33:10 GMT 2023","Tue Aug 15 11:33:16 GMT 2023","5841","Parallel Test Suite","Static pages tests","tests.header.EmailTest","tests.header.EmailTest","testOrderByButtonsColorsWhenHover_EmailPage","testOrderByButtonsColorsWhenHover_EmailPage",""
"passed","Tue Aug 15 11:31:20 GMT 2023","Tue Aug 15 11:31:26 GMT 2023","6037","Parallel Test Suite","Static pages tests","tests.header.VpnInstructionsTest","tests.header.VpnInstructionsTest","testAllBrowserIconsExist","testAllBrowserIconsExist",""
"broken","Tue Aug 15 11:55:25 GMT 2023","Tue Aug 15 11:55:48 GMT 2023","23709","Parallel Test Suite","Search pages test","tests.header.WebPageTest","tests.header.WebPageTest","testOpenWebPreview_WebPage","testOpenWebPreview_WebPage",""
"skipped","Tue Aug 15 11:41:30 GMT 2023","Tue Aug 15 11:41:30 GMT 2023","0","Parallel Test Suite","Search pages test","tests.header.ImageTest","tests.header.ImageTest","testAddedImageEqualImageInFavorite_ImagePage","testAddedImageEqualImageInFavorite_ImagePage",""
"passed","Tue Aug 15 11:28:44 GMT 2023","Tue Aug 15 11:28:48 GMT 2023","3237","Parallel Test Suite","Static pages tests","tests.header.TopMenuTest","tests.header.TopMenuTest","testHamburgerMenuIsClickable","testHamburgerMenuIsClickable",""
"broken","Tue Aug 15 11:26:42 GMT 2023","Tue Aug 15 11:27:06 GMT 2023","23357","Parallel Test Suite","Static pages tests","tests.MainTest","tests.MainTest","testHomePageBannerClickableAndRedirectToCorrespondingPage","testHomePageBannerClickableAndRedirectToCorrespondingPage",""
"passed","Tue Aug 15 11:34:02 GMT 2023","Tue Aug 15 11:34:07 GMT 2023","5104","Parallel Test Suite","Static pages tests","tests.footer.MakeDefaultSearchTest","tests.footer.MakeDefaultSearchTest","testMakeDefaultSearchLinksNavigateToCorrespondingPages","testMakeDefaultSearchLinksNavigateToCorrespondingPages",""
"broken","Tue Aug 15 11:41:50 GMT 2023","Tue Aug 15 11:42:14 GMT 2023","23597","Parallel Test Suite","Search pages test","tests.header.VideoTest","tests.header.VideoTest","testScrollToNextPageWhenWatchingVideo_VideoPage","testScrollToNextPageWhenWatchingVideo_VideoPage",""
"passed","Tue Aug 15 11:27:42 GMT 2023","Tue Aug 15 11:27:47 GMT 2023","5432","Parallel Test Suite","Static pages tests","tests.MainTest","tests.MainTest","testServicesBlockLinksNavigateToCorrespondingPages","testServicesBlockLinksNavigateToCorrespondingPages",""
"passed","Tue Aug 15 11:31:34 GMT 2023","Tue Aug 15 11:31:38 GMT 2023","4011","Parallel Test Suite","Static pages tests","tests.header.TopMenuTest","tests.header.TopMenuTest","testRegionNavigateToCorrespondingPages","testRegionNavigateToCorrespondingPages",""
"failed","Tue Aug 15 11:34:30 GMT 2023","Tue Aug 15 11:34:35 GMT 2023","5322","Parallel Test Suite","Search pages test","tests.header.WebPageTest","tests.header.WebPageTest","test202NoResultsFoundPageError_WebPage","test202NoResultsFoundPageError_WebPage",""
"passed","Tue Aug 15 11:32:50 GMT 2023","Tue Aug 15 11:32:58 GMT 2023","7620","Parallel Test Suite","Static pages tests","tests.header.EmailTest","tests.header.EmailTest","testLinksOfPriceContainersNavigateToCorrespondingPages_EmailPage","testLinksOfPriceContainersNavigateToCorrespondingPages_EmailPage",""
"broken","Tue Aug 15 11:38:08 GMT 2023","Tue Aug 15 11:38:32 GMT 2023","23681","Parallel Test Suite","Search pages test","tests.header.ImageTest","tests.header.ImageTest","testRelatedSearch_ImagePage","testRelatedSearch_ImagePage",""
"passed","Tue Aug 15 11:29:35 GMT 2023","Tue Aug 15 11:29:44 GMT 2023","8900","Parallel Test Suite","Static pages tests","tests.footer.MediaEducationTest","tests.footer.MediaEducationTest","testPdfButtonOpenFlyerMediaEducation","testPdfButtonOpenFlyerMediaEducation",""
"passed","Tue Aug 15 11:31:13 GMT 2023","Tue Aug 15 11:31:19 GMT 2023","5858","Parallel Test Suite","Static pages tests","tests.footer.OurDatacenterTest","tests.footer.OurDatacenterTest","testOurDatacenterSlider","testOurDatacenterSlider",""
"passed","Tue Aug 15 11:29:45 GMT 2023","Tue Aug 15 11:29:52 GMT 2023","7861","Parallel Test Suite","Static pages tests","tests.footer.MediaEducationTest","tests.footer.MediaEducationTest","testPdfLinkMediaEducation","testPdfLinkMediaEducation",""
"broken","Tue Aug 15 11:54:11 GMT 2023","Tue Aug 15 11:54:35 GMT 2023","24679","Parallel Test Suite","Search pages test","tests.header.WebPageTest","tests.header.WebPageTest","testOpenVideoInVideoWidget_WebPage","testOpenVideoInVideoWidget_WebPage",""
"broken","Tue Aug 15 11:38:12 GMT 2023","Tue Aug 15 11:38:36 GMT 2023","23761","Parallel Test Suite","Search pages test","tests.header.NewsTest","tests.header.NewsTest","testSuggestEqualsSearchCriteria_NewsSearch","testSuggestEqualsSearchCriteria_NewsSearch",""
"broken","Tue Aug 15 11:37:03 GMT 2023","Tue Aug 15 11:37:27 GMT 2023","24183","Parallel Test Suite","Search pages test","tests.header.WebPageTest","tests.header.WebPageTest","testClickMoreImageButtonInImageWidget_WebPage","testClickMoreImageButtonInImageWidget_WebPage",""
"passed","Tue Aug 15 11:29:44 GMT 2023","Tue Aug 15 11:29:53 GMT 2023","8514","Parallel Test Suite","Static pages tests","tests.footer.FooterMenuTest","tests.footer.FooterMenuTest","testHoverFooterMenuLinks","testHoverFooterMenuLinks",""
"broken","Tue Aug 15 11:53:17 GMT 2023","Tue Aug 15 11:53:40 GMT 2023","23374","Parallel Test Suite","Search pages test","tests.header.MusicTest","tests.header.MusicTest","testSuggestEqualsSearchCriteria","testSuggestEqualsSearchCriteria",""
"passed","Tue Aug 15 11:31:50 GMT 2023","Tue Aug 15 11:31:56 GMT 2023","5486","Parallel Test Suite","Static pages tests","tests.header.EmailTest","tests.header.EmailTest","testAllImageExist","testAllImageExist",""
"passed","Tue Aug 15 11:27:24 GMT 2023","Tue Aug 15 11:27:28 GMT 2023","4219","Parallel Test Suite","Static pages tests","tests.header.TopMenuTest","tests.header.TopMenuTest","testEachHamburgerMenuLinksNavigatesToCorrespondingPage","testEachHamburgerMenuLinksNavigatesToCorrespondingPage",""
"passed","Tue Aug 15 11:28:22 GMT 2023","Tue Aug 15 11:28:26 GMT 2023","4468","Parallel Test Suite","Static pages tests","tests.footer.FooterMenuTest","tests.footer.FooterMenuTest","testExternalMenuLinksNavigateToCorrespondingPages","testExternalMenuLinksNavigateToCorrespondingPages",""
"broken","Tue Aug 15 11:41:26 GMT 2023","Tue Aug 15 11:41:49 GMT 2023","23625","Parallel Test Suite","Search pages test","tests.header.VideoTest","tests.header.VideoTest","testScrollToMaxPage_VideoPage","testScrollToMaxPage_VideoPage",""
"broken","Tue Aug 15 11:37:44 GMT 2023","Tue Aug 15 11:38:07 GMT 2023","23311","Parallel Test Suite","Search pages test","tests.header.ImageTest","tests.header.ImageTest","testRegionalSearch_ImagePage","testRegionalSearch_ImagePage",""
"broken","Tue Aug 15 11:49:41 GMT 2023","Tue Aug 15 11:50:05 GMT 2023","23154","Parallel Test Suite","Search pages test","tests.header.WebPageTest","tests.header.WebPageTest","testOpenAnyLinkInWebResult_WebPage","testOpenAnyLinkInWebResult_WebPage",""
"passed","Tue Aug 15 11:29:33 GMT 2023","Tue Aug 15 11:29:37 GMT 2023","4108","Parallel Test Suite","Static pages tests","tests.header.TopMenuTest","tests.header.TopMenuTest","testLocalizationNavigateToCorrespondingPages","testLocalizationNavigateToCorrespondingPages",""
"passed","Tue Aug 15 11:30:55 GMT 2023","Tue Aug 15 11:30:59 GMT 2023","4096","Parallel Test Suite","Static pages tests","tests.footer.ContactUsTest","tests.footer.ContactUsTest","testSendButtonColorWhenHover_ContactUsPage","testSendButtonColorWhenHover_ContactUsPage",""
"passed","Tue Aug 15 11:28:54 GMT 2023","Tue Aug 15 11:28:58 GMT 2023","4081","Parallel Test Suite","Static pages tests","tests.footer.FooterMenuTest","tests.footer.FooterMenuTest","testFooterMenuLinksNavigateToCorrespondingPages","testFooterMenuLinksNavigateToCorrespondingPages",""
"broken","Tue Aug 15 11:26:36 GMT 2023","Tue Aug 15 11:27:00 GMT 2023","23415","Parallel Test Suite","Static pages tests","tests.header.TopMenuTest","tests.header.TopMenuTest","testCharityQueryCounterSearchVideo","testCharityQueryCounterSearchVideo",""
"skipped","Tue Aug 15 11:41:30 GMT 2023","Tue Aug 15 11:41:30 GMT 2023","0","Parallel Test Suite","Search pages test","tests.header.ImageTest","tests.header.ImageTest","testDeleteImageFromFavorite_ImagePage_ImagePage","testDeleteImageFromFavorite_ImagePage_ImagePage",""
"broken","Tue Aug 15 11:58:16 GMT 2023","Tue Aug 15 11:58:41 GMT 2023","25273","Parallel Test Suite","Search pages test","tests.header.MusicTest","tests.header.MusicTest","tesPlayTrackInTheFavorite","tesPlayTrackInTheFavorite",""
"passed","Tue Aug 15 11:32:43 GMT 2023","Tue Aug 15 11:32:47 GMT 2023","3945","Parallel Test Suite","Static pages tests","tests.footer.SetAsStartTest","tests.footer.SetAsStartTest","testLinksColorsSetAsStartPage","testLinksColorsSetAsStartPage",""
"broken","Tue Aug 15 11:37:47 GMT 2023","Tue Aug 15 11:38:11 GMT 2023","24189","Parallel Test Suite","Search pages test","tests.header.NewsTest","tests.header.NewsTest","testSearchField_NewsPage","testSearchField_NewsPage",""
"broken","Tue Aug 15 11:28:55 GMT 2023","Tue Aug 15 11:29:18 GMT 2023","23202","Parallel Test Suite","Static pages tests","tests.header.TopMenuTest","tests.header.TopMenuTest","testHeartIconMessageIsDysplaed_SearchPages","testHeartIconMessageIsDysplaed_SearchPages",""
"passed","Tue Aug 15 11:31:06 GMT 2023","Tue Aug 15 11:31:13 GMT 2023","6607","Parallel Test Suite","Static pages tests","tests.footer.OurDatacenterTest","tests.footer.OurDatacenterTest","testOurDatacenterLinksNavigateToCorrespondingPages","testOurDatacenterLinksNavigateToCorrespondingPages",""
"passed","Tue Aug 15 11:29:47 GMT 2023","Tue Aug 15 11:29:51 GMT 2023","4144","Parallel Test Suite","Static pages tests","tests.header.TopMenuTest","tests.header.TopMenuTest","testLocalizationNavigateToCorrespondingPages","testLocalizationNavigateToCorrespondingPages",""
"broken","Tue Aug 15 11:26:42 GMT 2023","Tue Aug 15 11:27:06 GMT 2023","23128","Parallel Test Suite","Static pages tests","tests.footer.FooterMenuTest","tests.footer.FooterMenuTest","testExternalFooterSearchLinksNavigateToCorrespondingPages","testExternalFooterSearchLinksNavigateToCorrespondingPages",""
"passed","Tue Aug 15 11:31:38 GMT 2023","Tue Aug 15 11:31:44 GMT 2023","5119","Parallel Test Suite","Static pages tests","tests.header.VpnInstructionsTest","tests.header.VpnInstructionsTest","testVpnExtensionsLinksNavigateToCorrespondingWebSites","testVpnExtensionsLinksNavigateToCorrespondingWebSites",""
"broken","Tue Aug 15 11:39:30 GMT 2023","Tue Aug 15 11:39:53 GMT 2023","23236","Parallel Test Suite","Search pages test","tests.header.WebPageTest","tests.header.WebPageTest","testClickScreenshotButtonInPreview_WebPage","testClickScreenshotButtonInPreview_WebPage",""
"broken","Tue Aug 15 11:52:32 GMT 2023","Tue Aug 15 11:52:56 GMT 2023","23229","Parallel Test Suite","Search pages test","tests.header.WebPageTest","tests.header.WebPageTest","testOpenSiteInPreview_WebPage","testOpenSiteInPreview_WebPage",""
"broken","Tue Aug 15 11:26:10 GMT 2023","Tue Aug 15 11:26:36 GMT 2023","25314","Parallel Test Suite","Static pages tests","tests.header.TopMenuTest","tests.header.TopMenuTest","testCharityQueryCounterSearchNews","testCharityQueryCounterSearchNews",""
"passed","Tue Aug 15 11:33:56 GMT 2023","Tue Aug 15 11:34:02 GMT 2023","5962","Parallel Test Suite","Static pages tests","tests.footer.MakeDefaultSearchTest","tests.footer.MakeDefaultSearchTest","testLocalizationGoToCorrespondingLanguage","testLocalizationGoToCorrespondingLanguage",""
"passed","Tue Aug 15 11:25:27 GMT 2023","Tue Aug 15 11:25:30 GMT 2023","2845","Parallel Test Suite","Static pages tests","tests.footer.FooterMenuTest","tests.footer.FooterMenuTest","testCopyrightOnFooterMenu","testCopyrightOnFooterMenu",""
"broken","Tue Aug 15 11:34:54 GMT 2023","Tue Aug 15 11:35:18 GMT 2023","23863","Parallel Test Suite","Search pages test","tests.header.ImageTest","tests.header.ImageTest","testFilterSearch_ImagePage","testFilterSearch_ImagePage",""
"passed","Tue Aug 15 11:28:45 GMT 2023","Tue Aug 15 11:28:49 GMT 2023","4067","Parallel Test Suite","Static pages tests","tests.footer.FooterMenuTest","tests.footer.FooterMenuTest","testFooterMenuLinksNavigateToCorrespondingPages","testFooterMenuLinksNavigateToCorrespondingPages",""
"passed","Tue Aug 15 11:31:52 GMT 2023","Tue Aug 15 11:31:58 GMT 2023","5555","Parallel Test Suite","Static pages tests","tests.header.TopMenuTest","tests.header.TopMenuTest","testTeleGardIconNavigatesToTeleGardWebPage","testTeleGardIconNavigatesToTeleGardWebPage",""
"passed","Tue Aug 15 11:28:48 GMT 2023","Tue Aug 15 11:28:52 GMT 2023","3257","Parallel Test Suite","Static pages tests","tests.MainTest","tests.MainTest","testTextsFontSizes_MainPage","testTextsFontSizes_MainPage",""
"broken","Tue Aug 15 11:47:41 GMT 2023","Tue Aug 15 11:48:04 GMT 2023","23253","Parallel Test Suite","Search pages test","tests.header.WebPageTest","tests.header.WebPageTest","testNextButtonAndPrevButtonVideoWidget_WebPage","testNextButtonAndPrevButtonVideoWidget_WebPage",""
"broken","Tue Aug 15 11:42:14 GMT 2023","Tue Aug 15 11:42:38 GMT 2023","23847","Parallel Test Suite","Search pages test","tests.header.VideoTest","tests.header.VideoTest","testScrollToNextPage_VideoPage","testScrollToNextPage_VideoPage",""
"passed","Tue Aug 15 11:27:24 GMT 2023","Tue Aug 15 11:27:29 GMT 2023","4803","Parallel Test Suite","Static pages tests","tests.MainTest","tests.MainTest","testPopupGoogleRedirectToInstall","testPopupGoogleRedirectToInstall",""
"broken","Tue Aug 15 11:54:30 GMT 2023","Tue Aug 15 11:54:53 GMT 2023","23743","Parallel Test Suite","Search pages test","tests.header.MusicTest","tests.header.MusicTest","testSwitchToNextTrack","testSwitchToNextTrack",""
"passed","Tue Aug 15 11:29:06 GMT 2023","Tue Aug 15 11:29:11 GMT 2023","4607","Parallel Test Suite","Static pages tests","tests.footer.WhoWeAreTest","tests.footer.WhoWeAreTest","testWhoWeAreLinksNavigateToCorrespondingPages","testWhoWeAreLinksNavigateToCorrespondingPages",""
"passed","Tue Aug 15 11:25:23 GMT 2023","Tue Aug 15 11:25:26 GMT 2023","2997","Parallel Test Suite","Static pages tests","tests.footer.FooterMenuTest","tests.footer.FooterMenuTest","testBlockOurServicesTexts","testBlockOurServicesTexts",""
"passed","Tue Aug 15 11:32:30 GMT 2023","Tue Aug 15 11:32:33 GMT 2023","3034","Parallel Test Suite","Static pages tests","tests.header.TopMenuTest","tests.header.TopMenuTest","testTopMenuLinkAmount","testTopMenuLinkAmount",""
"passed","Tue Aug 15 11:27:55 GMT 2023","Tue Aug 15 11:27:59 GMT 2023","4333","Parallel Test Suite","Static pages tests","tests.header.TopMenuTest","tests.header.TopMenuTest","testEmailIconNavigatesToEmailWebPage","testEmailIconNavigatesToEmailWebPage",""
"passed","Tue Aug 15 11:28:35 GMT 2023","Tue Aug 15 11:28:39 GMT 2023","4141","Parallel Test Suite","Static pages tests","tests.footer.FooterMenuTest","tests.footer.FooterMenuTest","testFooterMenuLinksNavigateToCorrespondingPages","testFooterMenuLinksNavigateToCorrespondingPages",""
"broken","Tue Aug 15 11:37:23 GMT 2023","Tue Aug 15 11:37:46 GMT 2023","23407","Parallel Test Suite","Search pages test","tests.header.NewsTest","tests.header.NewsTest","testPreviousButtonInPaging_NewsPage","testPreviousButtonInPaging_NewsPage",""
"passed","Tue Aug 15 11:33:29 GMT 2023","Tue Aug 15 11:33:35 GMT 2023","6121","Parallel Test Suite","Static pages tests","tests.footer.MakeDefaultSearchTest","tests.footer.MakeDefaultSearchTest","testLocalizationGoToCorrespondingLanguage","testLocalizationGoToCorrespondingLanguage",""
"broken","Tue Aug 15 11:44:51 GMT 2023","Tue Aug 15 11:45:15 GMT 2023","23683","Parallel Test Suite","Search pages test","tests.header.WebPageTest","tests.header.WebPageTest","testImagesAndTitleIsDysplaedInImageWidget_WebPage","testImagesAndTitleIsDysplaedInImageWidget_WebPage",""
"passed","Tue Aug 15 11:30:14 GMT 2023","Tue Aug 15 11:30:19 GMT 2023","5061","Parallel Test Suite","Static pages tests","tests.footer.CharityProjectTest","tests.footer.CharityProjectTest","testCharityProjectSecondSlider","testCharityProjectSecondSlider",""
"passed","Tue Aug 15 11:29:07 GMT 2023","Tue Aug 15 11:29:11 GMT 2023","3835","Parallel Test Suite","Static pages tests","tests.footer.FooterMenuTest","tests.footer.FooterMenuTest","testFooterMenuLinksNavigateToCorrespondingPages","testFooterMenuLinksNavigateToCorrespondingPages",""
"broken","Tue Aug 15 11:56:53 GMT 2023","Tue Aug 15 11:57:16 GMT 2023","23430","Parallel Test Suite","Search pages test","tests.header.WebPageTest","tests.header.WebPageTest","testProductAdvertising_WebPage","testProductAdvertising_WebPage",""
"passed","Tue Aug 15 11:33:58 GMT 2023","Tue Aug 15 11:34:02 GMT 2023","4032","Parallel Test Suite","Static pages tests","tests.footer.ImprintTest","tests.footer.ImprintTest","testTextsFontSizesImprintPage","testTextsFontSizesImprintPage",""
"passed","Tue Aug 15 11:25:02 GMT 2023","Tue Aug 15 11:25:09 GMT 2023","7082","Parallel Test Suite","Static pages tests","tests.footer.FooterMenuTest","tests.footer.FooterMenuTest","testFooterMenuLinksAmount","testFooterMenuLinksAmount",""
"broken","Tue Aug 15 11:59:57 GMT 2023","Tue Aug 15 12:00:11 GMT 2023","14445","Parallel Test Suite","Search pages test","tests.header.WebPageTest","tests.header.WebPageTest","testUsingFilter_WebPage","testUsingFilter_WebPage",""
"passed","Tue Aug 15 11:33:08 GMT 2023","Tue Aug 15 11:33:14 GMT 2023","6799","Parallel Test Suite","Static pages tests","tests.footer.SetAsStartTest","tests.footer.SetAsStartTest","testLocalizationGoToCorrespondingLanguage","testLocalizationGoToCorrespondingLanguage",""
"passed","Tue Aug 15 11:29:24 GMT 2023","Tue Aug 15 11:29:28 GMT 2023","4113","Parallel Test Suite","Static pages tests","tests.header.TopMenuTest","tests.header.TopMenuTest","testLocalizationNavigateToCorrespondingPages","testLocalizationNavigateToCorrespondingPages",""
"passed","Tue Aug 15 11:33:31 GMT 2023","Tue Aug 15 11:33:35 GMT 2023","3973","Parallel Test Suite","Static pages tests","tests.footer.PrivacyPolicyTest","tests.footer.PrivacyPolicyTest","testH2TextsPrivacyPolicyPage","testH2TextsPrivacyPolicyPage",""
"passed","Tue Aug 15 11:28:59 GMT 2023","Tue Aug 15 11:29:03 GMT 2023","3958","Parallel Test Suite","Static pages tests","tests.footer.FooterMenuTest","tests.footer.FooterMenuTest","testFooterMenuLinksNavigateToCorrespondingPages","testFooterMenuLinksNavigateToCorrespondingPages",""
"passed","Tue Aug 15 11:31:00 GMT 2023","Tue Aug 15 11:31:06 GMT 2023","6232","Parallel Test Suite","Static pages tests","tests.footer.OurDatacenterTest","tests.footer.OurDatacenterTest","testOurDatacenterLinksNavigateToCorrespondingPages","testOurDatacenterLinksNavigateToCorrespondingPages",""
"broken","Tue Aug 15 11:35:43 GMT 2023","Tue Aug 15 11:36:07 GMT 2023","23677","Parallel Test Suite","Search pages test","tests.header.ImageTest","tests.header.ImageTest","testNextButtonAndPrevButtonOfAdvertising_ImagePage","testNextButtonAndPrevButtonOfAdvertising_ImagePage",""
"passed","Tue Aug 15 11:33:53 GMT 2023","Tue Aug 15 11:33:57 GMT 2023","4193","Parallel Test Suite","Static pages tests","tests.footer.ImprintTest","tests.footer.ImprintTest","testSpanTextsImprintPage","testSpanTextsImprintPage",""
"broken","Tue Aug 15 11:42:23 GMT 2023","Tue Aug 15 11:42:48 GMT 2023","25164","Parallel Test Suite","Search pages test","tests.header.MusicTest","tests.header.MusicTest","testAddAfterDeleteSeveralTracksFromFavorite","testAddAfterDeleteSeveralTracksFromFavorite",""
"broken","Tue Aug 15 11:47:14 GMT 2023","Tue Aug 15 11:47:38 GMT 2023","23696","Parallel Test Suite","Search pages test","tests.header.MusicTest","tests.header.MusicTest","testPlayTrack","testPlayTrack",""
"passed","Tue Aug 15 11:30:52 GMT 2023","Tue Aug 15 11:30:57 GMT 2023","5569","Parallel Test Suite","Static pages tests","tests.header.TopMenuTest","tests.header.TopMenuTest","testRegionDropdownMenuIsAvailableAndHasOptions_TopMenu","testRegionDropdownMenuIsAvailableAndHasOptions_TopMenu",""
"passed","Tue Aug 15 11:25:23 GMT 2023","Tue Aug 15 11:25:27 GMT 2023","3923","Parallel Test Suite","Static pages tests","tests.MainTest","tests.MainTest","testClickableAndVisibleInstallGoogleBlock","testClickableAndVisibleInstallGoogleBlock",""
"passed","Tue Aug 15 11:33:49 GMT 2023","Tue Aug 15 11:33:55 GMT 2023","6599","Parallel Test Suite","Static pages tests","tests.footer.MakeDefaultSearchTest","tests.footer.MakeDefaultSearchTest","testLocalizationGoToCorrespondingLanguage","testLocalizationGoToCorrespondingLanguage",""
"broken","Tue Aug 15 11:35:19 GMT 2023","Tue Aug 15 11:35:42 GMT 2023","23409","Parallel Test Suite","Search pages test","tests.header.ImageTest","tests.header.ImageTest","testImageInResultEqualsImageInSideView_ImagePage","testImageInResultEqualsImageInSideView_ImagePage",""
"broken","Tue Aug 15 11:26:18 GMT 2023","Tue Aug 15 11:26:42 GMT 2023","23931","Parallel Test Suite","Static pages tests","tests.footer.FooterMenuTest","tests.footer.FooterMenuTest","testCopyrightOnFooterSearchPages","testCopyrightOnFooterSearchPages",""
"broken","Tue Aug 15 11:39:50 GMT 2023","Tue Aug 15 11:40:12 GMT 2023","22824","Parallel Test Suite","Search pages test","tests.header.VideoTest","tests.header.VideoTest","testImageProxy_VideoPage","testImageProxy_VideoPage",""
"passed","Tue Aug 15 11:32:39 GMT 2023","Tue Aug 15 11:32:43 GMT 2023","4025","Parallel Test Suite","Static pages tests","tests.footer.SetAsStartTest","tests.footer.SetAsStartTest","testH2TextsSetAsStartPage","testH2TextsSetAsStartPage",""
"passed","Tue Aug 15 11:32:48 GMT 2023","Tue Aug 15 11:32:53 GMT 2023","5773","Parallel Test Suite","Static pages tests","tests.footer.SetAsStartTest","tests.footer.SetAsStartTest","testLocalizationGoToCorrespondingLanguage","testLocalizationGoToCorrespondingLanguage",""
"broken","Tue Aug 15 11:34:36 GMT 2023","Tue Aug 15 11:35:00 GMT 2023","24460","Parallel Test Suite","Search pages test","tests.header.WebPageTest","tests.header.WebPageTest","testCancelFilter_WebPage","testCancelFilter_WebPage",""
"passed","Tue Aug 15 11:25:19 GMT 2023","Tue Aug 15 11:25:22 GMT 2023","2825","Parallel Test Suite","Static pages tests","tests.header.TopMenuTest","tests.header.TopMenuTest","testCharityQueryCounterAtTheBeginning_MainPage","testCharityQueryCounterAtTheBeginning_MainPage",""
"passed","Tue Aug 15 11:33:44 GMT 2023","Tue Aug 15 11:33:52 GMT 2023","8136","Parallel Test Suite","Static pages tests","tests.footer.DonationTest","tests.footer.DonationTest","testDonationLinksNavigateToCorrespondingPages","testDonationLinksNavigateToCorrespondingPages",""
"passed","Tue Aug 15 11:29:51 GMT 2023","Tue Aug 15 11:29:55 GMT 2023","4048","Parallel Test Suite","Static pages tests","tests.header.TopMenuTest","tests.header.TopMenuTest","testLocalizationNavigateToCorrespondingPages","testLocalizationNavigateToCorrespondingPages",""
"passed","Tue Aug 15 11:33:16 GMT 2023","Tue Aug 15 11:33:20 GMT 2023","3801","Parallel Test Suite","Static pages tests","tests.footer.MakeDefaultSearchTest","tests.footer.MakeDefaultSearchTest","testH2FontSizesMakeDefaultSearchPage","testH2FontSizesMakeDefaultSearchPage",""
"passed","Tue Aug 15 11:30:28 GMT 2023","Tue Aug 15 11:30:34 GMT 2023","5566","Parallel Test Suite","Static pages tests","tests.footer.CharityProjectTest","tests.footer.CharityProjectTest","testLinksColorsCharityProjectPage","testLinksColorsCharityProjectPage",""
"passed","Tue Aug 15 11:27:07 GMT 2023","Tue Aug 15 11:27:10 GMT 2023","3546","Parallel Test Suite","Static pages tests","tests.MainTest","tests.MainTest","testHoverServicesBlockButtons","testHoverServicesBlockButtons",""
"passed","Tue Aug 15 11:29:59 GMT 2023","Tue Aug 15 11:30:06 GMT 2023","6186","Parallel Test Suite","Static pages tests","tests.footer.CharityProjectTest","tests.footer.CharityProjectTest","testCharityProjectLinksNavigateToCorrespondingPages","testCharityProjectLinksNavigateToCorrespondingPages",""
"broken","Tue Aug 15 11:39:45 GMT 2023","Tue Aug 15 11:40:08 GMT 2023","22831","Parallel Test Suite","Search pages test","tests.header.ImageTest","tests.header.ImageTest","testImageResultsEqualsSearchCriteria","testImageResultsEqualsSearchCriteria",""
"passed","Tue Aug 15 11:33:15 GMT 2023","Tue Aug 15 11:33:22 GMT 2023","6470","Parallel Test Suite","Static pages tests","tests.footer.SetAsStartTest","tests.footer.SetAsStartTest","testLocalizationGoToCorrespondingLanguage","testLocalizationGoToCorrespondingLanguage",""
"passed","Tue Aug 15 11:30:09 GMT 2023","Tue Aug 15 11:30:12 GMT 2023","3140","Parallel Test Suite","Static pages tests","tests.footer.FooterMenuTest","tests.footer.FooterMenuTest","testSocialPanelExistsAndHasIcons","testSocialPanelExistsAndHasIcons",""
"passed","Tue Aug 15 11:31:16 GMT 2023","Tue Aug 15 11:31:20 GMT 2023","3991","Parallel Test Suite","Static pages tests","tests.header.TopMenuTest","tests.header.TopMenuTest","testRegionNavigateToCorrespondingPages","testRegionNavigateToCorrespondingPages",""
"passed","Tue Aug 15 11:31:49 GMT 2023","Tue Aug 15 11:31:57 GMT 2023","7992","Parallel Test Suite","Static pages tests","tests.header.VpnPageTest","tests.header.VpnPageTest","testVpnLinksNavigateToCorrespondingPages","testVpnLinksNavigateToCorrespondingPages",""
"passed","Tue Aug 15 11:30:12 GMT 2023","Tue Aug 15 11:30:25 GMT 2023","13911","Parallel Test Suite","Static pages tests","tests.header.TopMenuTest","tests.header.TopMenuTest","testLogOutUserAndLoginButtonIsDysplaed","testLogOutUserAndLoginButtonIsDysplaed",""
"passed","Tue Aug 15 11:29:36 GMT 2023","Tue Aug 15 11:29:44 GMT 2023","7958","Parallel Test Suite","Static pages tests","tests.footer.FooterMenuTest","tests.footer.FooterMenuTest","testGooglePlayIconNavigatesToGooglePlayWeb","testGooglePlayIconNavigatesToGooglePlayWeb",""
"passed","Tue Aug 15 11:30:49 GMT 2023","Tue Aug 15 11:30:54 GMT 2023","5156","Parallel Test Suite","Static pages tests","tests.footer.ContactUsTest","tests.footer.ContactUsTest","testPrivacyPolicyLinkNavigateToCorrespondingPages","testPrivacyPolicyLinkNavigateToCorrespondingPages",""
"unknown","Tue Aug 15 11:24:52 GMT 2023","Tue Aug 15 11:24:52 GMT 2023","3","Parallel Test Suite","Static pages tests","tests.MainTest","tests.MainTest","testHomePageBannerSwitchingAuto","testHomePageBannerSwitchingAuto",""
"broken","Tue Aug 15 11:48:27 GMT 2023","Tue Aug 15 11:48:50 GMT 2023","23358","Parallel Test Suite","Search pages test","tests.header.MusicTest","tests.header.MusicTest","testRegionalSearch_MusicPage","testRegionalSearch_MusicPage",""
"passed","Tue Aug 15 11:32:23 GMT 2023","Tue Aug 15 11:32:26 GMT 2023","3005","Parallel Test Suite","Static pages tests","tests.header.TopMenuTest","tests.header.TopMenuTest","testThemeIsDefaultFirstOpenSite","testThemeIsDefaultFirstOpenSite",""
"broken","Tue Aug 15 11:37:20 GMT 2023","Tue Aug 15 11:37:43 GMT 2023","23182","Parallel Test Suite","Search pages test","tests.header.ImageTest","tests.header.ImageTest","testPrevButtonInSideView_ImagePage","testPrevButtonInSideView_ImagePage",""
"broken","Tue Aug 15 11:41:04 GMT 2023","Tue Aug 15 11:41:29 GMT 2023","25305","Parallel Test Suite","Search pages test","tests.header.ImageTest","tests.header.ImageTest","testAddImageInFavorite_ImagePage","testAddImageInFavorite_ImagePage",""
"passed","Tue Aug 15 11:33:44 GMT 2023","Tue Aug 15 11:33:48 GMT 2023","3743","Parallel Test Suite","Static pages tests","tests.footer.ImprintTest","tests.footer.ImprintTest","tesEmailLinkColorImprintPage","tesEmailLinkColorImprintPage",""
"passed","Tue Aug 15 11:25:19 GMT 2023","Tue Aug 15 11:25:23 GMT 2023","3499","Parallel Test Suite","Static pages tests","tests.footer.FooterMenuTest","tests.footer.FooterMenuTest","testBlockImprintDonationDataPrivacyTexts","testBlockImprintDonationDataPrivacyTexts",""
"broken","Tue Aug 15 11:48:05 GMT 2023","Tue Aug 15 11:48:28 GMT 2023","23262","Parallel Test Suite","Search pages test","tests.header.WebPageTest","tests.header.WebPageTest","testNextButtonInPaging_WebPage","testNextButtonInPaging_WebPage",""
"broken","Tue Aug 15 11:36:33 GMT 2023","Tue Aug 15 11:36:57 GMT 2023","23703","Parallel Test Suite","Search pages test","tests.header.NewsTest","tests.header.NewsTest","testNextButtonInPaging_NewsPage","testNextButtonInPaging_NewsPage",""
"passed","Tue Aug 15 11:25:09 GMT 2023","Tue Aug 15 11:25:14 GMT 2023","4168","Parallel Test Suite","Static pages tests","tests.header.TopMenuTest","tests.header.TopMenuTest","tesThemeOfBodyChanged","tesThemeOfBodyChanged",""
"passed","Tue Aug 15 11:27:34 GMT 2023","Tue Aug 15 11:27:38 GMT 2023","4598","Parallel Test Suite","Static pages tests","tests.header.TopMenuTest","tests.header.TopMenuTest","testEachHamburgerMenuLinksNavigatesToCorrespondingPage","testEachHamburgerMenuLinksNavigatesToCorrespondingPage",""
"passed","Tue Aug 15 11:32:58 GMT 2023","Tue Aug 15 11:33:03 GMT 2023","5258","Parallel Test Suite","Static pages tests","tests.header.EmailTest","tests.header.EmailTest","testLinksOfPriceContainersNavigateToCorrespondingPages_EmailPage","testLinksOfPriceContainersNavigateToCorrespondingPages_EmailPage",""
"passed","Tue Aug 15 11:29:53 GMT 2023","Tue Aug 15 11:29:58 GMT 2023","4947","Parallel Test Suite","Static pages tests","tests.footer.FooterMenuTest","tests.footer.FooterMenuTest","testInstagramIconNavigatesToInstagramWeb","testInstagramIconNavigatesToInstagramWeb",""
"broken","Tue Aug 15 11:38:36 GMT 2023","Tue Aug 15 11:39:00 GMT 2023","23792","Parallel Test Suite","Search pages test","tests.header.VideoTest","tests.header.VideoTest","testCancelFilterSearch_VideoPage","testCancelFilterSearch_VideoPage",""
"broken","Tue Aug 15 11:38:16 GMT 2023","Tue Aug 15 11:38:40 GMT 2023","23299","Parallel Test Suite","Search pages test","tests.header.WebPageTest","tests.header.WebPageTest","testClickMoreVideoButtonInVideoWidget_WebPage","testClickMoreVideoButtonInVideoWidget_WebPage",""
"passed","Tue Aug 15 11:29:29 GMT 2023","Tue Aug 15 11:29:35 GMT 2023","5519","Parallel Test Suite","Static pages tests","tests.footer.MediaEducationTest","tests.footer.MediaEducationTest","testOpenFlyerButtonColorWhenHover_MediaEducationPage","testOpenFlyerButtonColorWhenHover_MediaEducationPage",""
"broken","Tue Aug 15 11:46:02 GMT 2023","Tue Aug 15 11:46:26 GMT 2023","23632","Parallel Test Suite","Search pages test","tests.header.MusicTest","tests.header.MusicTest","testMusicResultsEqualsSearchCriteria","testMusicResultsEqualsSearchCriteria",""
"passed","Tue Aug 15 11:26:39 GMT 2023","Tue Aug 15 11:26:42 GMT 2023","2785","Parallel Test Suite","Static pages tests","tests.MainTest","tests.MainTest","testH1textIsCorrect_MainPage","testH1textIsCorrect_MainPage",""
"passed","Tue Aug 15 11:33:04 GMT 2023","Tue Aug 15 11:33:09 GMT 2023","5582","Parallel Test Suite","Static pages tests","tests.header.EmailTest","tests.header.EmailTest","testLinksOfPriceContainersNavigateToCorrespondingPages_EmailPage","testLinksOfPriceContainersNavigateToCorrespondingPages_EmailPage",""
"passed","Tue Aug 15 11:31:15 GMT 2023","Tue Aug 15 11:31:20 GMT 2023","5010","Parallel Test Suite","Static pages tests","tests.header.VpnPageTest","tests.header.VpnPageTest","testInstructionLinkNavigateToCorrespondingPage","testInstructionLinkNavigateToCorrespondingPage",""
"broken","Tue Aug 15 11:50:52 GMT 2023","Tue Aug 15 11:51:16 GMT 2023","23738","Parallel Test Suite","Search pages test","tests.header.MusicTest","tests.header.MusicTest","testSetTimeInPlayer","testSetTimeInPlayer",""
"passed","Tue Aug 15 11:27:52 GMT 2023","Tue Aug 15 11:27:58 GMT 2023","6134","Parallel Test Suite","Static pages tests","tests.MainTest","tests.MainTest","testServicesBlockLinksNavigateToCorrespondingPages","testServicesBlockLinksNavigateToCorrespondingPages",""
"passed","Tue Aug 15 11:28:00 GMT 2023","Tue Aug 15 11:28:16 GMT 2023","15909","Parallel Test Suite","Static pages tests","tests.header.TopMenuTest","tests.header.TopMenuTest","testEmailIconNavigatesToLoginPageIfLoggedIn","testEmailIconNavigatesToLoginPageIfLoggedIn",""
"passed","Tue Aug 15 11:27:38 GMT 2023","Tue Aug 15 11:27:42 GMT 2023","3377","Parallel Test Suite","Static pages tests","tests.MainTest","tests.MainTest","testQuestionsTextsMainPage","testQuestionsTextsMainPage",""
"passed","Tue Aug 15 11:25:13 GMT 2023","Tue Aug 15 11:25:17 GMT 2023","3663","Parallel Test Suite","Static pages tests","tests.MainTest","tests.MainTest","testAmountLinksInTheFooter","testAmountLinksInTheFooter",""
"passed","Tue Aug 15 11:30:35 GMT 2023","Tue Aug 15 11:30:44 GMT 2023","8965","Parallel Test Suite","Static pages tests","tests.footer.ContactUsTest","tests.footer.ContactUsTest","testContactUsButtonNavigateToCorrespondingPages","testContactUsButtonNavigateToCorrespondingPages",""
"broken","Tue Aug 15 11:26:15 GMT 2023","Tue Aug 15 11:26:38 GMT 2023","23227","Parallel Test Suite","Static pages tests","tests.MainTest","tests.MainTest","testCursorInSearchFieldAndSearchIconClickeble","testCursorInSearchFieldAndSearchIconClickeble",""
